rank,t,c,witness_m,b_t,c_over_t
1,327695231,81923126,1320111,26845817780735232,0.249997920
2,303967101,75990326,2283283,23098559174255252,0.249995232
3,133301871,33324063,1529233,4442159980545936,0.249989462
4,90502807,22627131,3350571,2047818892483848,0.250015792
5,89913893,22476689,2608579,2020966632216966,0.249980156
6,53497613,13374288,3454473,715492496948832,0.249997846
7,45761407,11440542,4219977,523535310203136,0.250004157
8,24235501,6058697,1464979,146835563260894,0.249992645
9,21892247,5473536,4697193,119828007548928,0.250021663
10,21654679,5412977,9149923,117216284782360,0.249968009
11,17844449,4461215,3190663,79607928006750,0.250005758
12,16817599,4203767,8637897,70697271899200,0.249962376
13,14822199,3705500,1660005,54923662100000,0.249996644
14,11567789,2891863,3467277,33452463892770,0.249992717
15,10560981,2639353,5145029,27874159524646,0.249915514
16,9754117,2438232,1247719,23782802639376,0.249969526
17,9363863,2341202,31873,21922697124528,0.250025230
18,9204751,2301201,1054303,21181984507152,0.250001439
19,8897599,2224312,2420211,19791038451200,0.249990138
20,8361989,2089866,4458681,17475438593340,0.249924510
21,7105583,1776335,4797717,12621897554640,0.249991450
22,7077005,1768419,6192757,12515111873514,0.249882401
23,6633359,1657798,4444805,10996770941280,0.249918329
24,5799079,1449482,318601,8405662076560,0.249950380
25,5754527,1438408,4169913,8277359111424,0.249961118
26,4694881,1174025,4902717,5511908840050,0.250064911
27,4553005,1138035,3434925,5181480183210,0.249952504
28,4553005,1138187,4963003,5182172240122,0.249985888
29,4021025,1005328,9538201,4042450026528,0.250017844
30,3660509,914793,6331149,3348608924430,0.249908688
31,3192845,798177,4190613,2548456241742,0.249989273
32,2806265,701602,370731,1968881838132,0.250012739
33,2806265,701603,4614101,1968884644398,0.250013096
34,2755735,688765,11489,1898054506040,0.249938764
35,2729985,682876,7129513,1864241919736,0.250139103
36,2506041,626806,5206573,1570802161852,0.250118015
37,2459989,614743,8929311,1512261632570,0.249896646
38,2199437,549835,5699685,1209327992730,0.249988974
39,2199437,549819,5716663,1209292801722,0.249981700
40,1939909,484721,3623137,940315115110,0.249867906
41,1780007,445057,6044833,792205020456,0.250031039
42,1773565,443373,6785271,786351278118,0.249989710
43,1638351,409296,3787257,670570920192,0.249821925
44,1429423,357633,3181057,511209193392,0.250193959
45,1423471,356029,5674297,506797312688,0.250113279
46,1332511,333407,482921,444268828384,0.250209567
47,1332511,333406,4128609,444267495872,0.250208816
48,1240289,310217,7617,384759042930,0.250116707
49,1145487,286373,18711,328036835024,0.250001091
50,1050297,262622,2019393,275831361356,0.250045463
51,1050297,262619,6628777,275828210462,0.250042607
52,1050297,262625,7658779,275834512250,0.250048320
53,1050297,262629,7971969,275838713442,0.250052128
54,1048321,262182,6921313,274851158604,0.250097060
55,1014175,253379,5152857,256970900704,0.249837553
56,888061,221980,2998205,197132002760,0.249960307
57,887449,221865,4321197,196894094250,0.250003099
58,887449,221871,5210217,196899418950,0.250009860
59,864231,216180,3204561,186829673760,0.250141455
60,864231,216096,8584505,186757078272,0.250044259
61,818295,204681,134909,167489643576,0.250131065
62,801815,200523,2275101,160782549768,0.250086367
63,775045,193720,5329611,150141911120,0.249946777
64,773721,193520,5121943,149730681440,0.250115998
65,717599,179486,3537883,128799153600,0.250120192
66,677479,169182,6620621,114617421360,0.249722870
67,676701,169150,4976383,114464143300,0.249962687
68,676701,169151,8981475,114464820002,0.249964164
69,668661,167112,1653245,111741444144,0.249920363
70,654421,163526,7064361,107015011972,0.249878901
71,645279,161306,439625,104087535680,0.249978691
72,645279,161305,1199113,104086890400,0.249977142
73,603695,150934,5802273,91118252064,0.250016979
74,552737,138262,994905,76422661356,0.250140664
75,552737,138264,8329117,76423766832,0.250144282
76,538201,134562,299539,72421537524,0.250021832
77,538201,134605,6129549,72444680210,0.250101728
78,535897,134094,8829439,71860706412,0.250223457
79,443033,110843,1682429,49107217662,0.250191295
80,443033,110845,2274689,49108103730,0.250195809
81,443033,110856,8308473,49112977104,0.250220638
82,432543,108049,3033913,46735946656,0.249799442
83,432543,108048,5553785,46735514112,0.249797130
84,432543,108077,9480809,46748057888,0.249864175
85,429661,107359,168733,46128082658,0.249869083
86,427989,106875,73759,45741431250,0.249714362
87,427989,106879,1928097,45743143210,0.249723708
88,427989,106874,8303655,45741003260,0.249712025
89,406817,101788,5539025,41409190584,0.250205867
90,406817,101789,5573849,41409597402,0.250208325
91,405997,101425,4629283,41178347150,0.249817117
92,405997,101458,5689723,41191745084,0.249898398
93,405997,101423,7564791,41177535154,0.249812191
94,398823,99788,185669,39797849312,0.250206232
95,398823,99773,9633297,39791866952,0.250168621
96,386623,96676,4113823,37377261824,0.250052377
97,378081,94586,2400859,35761264052,0.250173905
98,378081,94584,2740191,35760507888,0.250168615
99,378081,94583,2837359,35760129806,0.250165970
100,378081,94585,3477291,35760885970,0.250171260
101,362749,90524,370401,32837581000,0.249549964
102,339353,84915,6327831,28816244910,0.250226166
103,339353,84914,8241605,28815905556,0.250223219
104,334589,83580,429057,27965032200,0.249799007
105,334589,83583,1838585,27966035970,0.249807973
106,334589,83579,4167841,27964697610,0.249796018
107,308487,77057,7751913,23771159816,0.249790105
108,304007,75916,4887401,23079071328,0.249717934
109,292735,73190,933,21425347840,0.250021350
110,292735,73191,2143,21425640576,0.250024766
111,292735,73192,65659,21425933312,0.250028182
112,292735,73189,677361,21425055104,0.250017934
113,292735,73290,972989,21454621440,0.250362956
114,292735,73261,1574923,21446132096,0.250263891
115,292735,73260,1638405,21445839360,0.250260474
116,292735,73258,2270713,21445253888,0.250253642
117,292735,73193,2605961,21426226048,0.250031599
118,292735,73271,3738965,21449059456,0.250298051
119,292735,73199,5160403,21427982464,0.250052095
120,292511,73118,165831,21387892416,0.249966668
121,292511,73117,7777603,21387599904,0.249963249
122,287111,71743,7000491,20598276216,0.249878967
123,269431,67382,8931,18154867024,0.250090004
124,269431,67381,558799,18154597592,0.250086293
125,269431,67380,1792649,18154328160,0.250082581
126,269017,67258,613209,18093612644,0.250013940
127,258727,64808,6686119,16767644224,0.250487966
128,258727,64807,8939937,16767385496,0.250484101
129,247237,61781,904491,15274610878,0.249885737
130,244449,61174,14991,14953984300,0.250252609
131,244449,61180,1865069,14955451000,0.250277154
132,244449,61183,6883445,14956184350,0.250289426
133,244449,61178,7465921,14954962100,0.250268972
134,227207,56892,5125497,12926317536,0.250397215
135,223343,55841,1936653,12471752304,0.250023506
136,221093,55242,1732785,12213674748,0.249858657
137,215769,54049,1501865,11662152730,0.250494742
138,208903,52252,6452733,10915651808,0.250125656
139,198105,49553,9333757,9816746618,0.250135029
140,197655,49445,370441,9773100920,0.250158104
141,197655,49450,432357,9774089200,0.250183400
142,197655,49446,776031,9773298576,0.250163163
143,197655,49448,864583,9773693888,0.250173282
144,197655,49454,1143873,9774879824,0.250203638
145,197655,49447,1446171,9773496232,0.250168222
146,197655,49466,4657873,9777251696,0.250264349
147,197655,49449,4814969,9773891544,0.250178341
148,197655,49464,7176125,9776856384,0.250254231
149,197655,49465,7468113,9777054040,0.250259290
150,193621,48399,4513181,9371111178,0.249967720
151,186191,46494,1798241,8656810848,0.249711318
152,180725,45118,3206825,8153995668,0.249650021
153,180725,45119,3679953,8154176394,0.249655554
154,178151,44634,2352425,7951636368,0.250540272
155,178151,44630,2884371,7950923760,0.250517819
156,178151,44631,3486093,7951101912,0.250523432
157,178151,44632,3814701,7951280064,0.250529046
158,178151,44642,9045859,7953061584,0.250585178
159,178151,44643,9496949,7953239736,0.250590791
160,178151,44641,9578743,7952883432,0.250579565
161,177669,44403,289257,7889081010,0.249919795
162,177669,44404,413359,7889258680,0.249925423
163,177669,44400,1881853,7888548000,0.249902909
164,177669,44415,2113541,7891213050,0.249987336
165,177669,44414,3766521,7891035380,0.249981708
166,177669,44413,4495011,7890857710,0.249976079
167,177185,44369,39245,7861565634,0.250410588
168,177185,44352,5781097,7858553472,0.250314643
169,162879,40769,2266121,6640454720,0.250302372
170,160033,40131,8382657,6422324454,0.250767029
171,153239,38383,5517657,5881810920,0.250478011
172,153239,38378,7838733,5881044720,0.250445383
173,153239,38379,8977077,5881197960,0.250451908
174,151663,37968,3298133,5758378752,0.250344514
175,151663,37965,4624233,5757923760,0.250324733
176,148833,37362,9007121,5560735908,0.251033037
177,145943,36496,6388441,5326372224,0.250070233
178,145943,36504,6718657,5327539776,0.250125049
179,145943,36495,7507695,5326226280,0.250063381
180,145943,36585,8168369,5339361240,0.250680060
181,145943,36586,8193213,5339507184,0.250686912
182,145943,36508,9068955,5328123552,0.250152457
183,145943,36500,9295449,5326956000,0.250097641
184,141977,35595,9452321,5053706910,0.250709622
185,140303,35216,3674271,4940945664,0.250999622
186,140303,35213,3713681,4940524752,0.250978240
187,140303,35217,6284691,4941085968,0.251006750
188,138303,34617,3146443,4787669568,0.250298258
189,130873,32906,6409293,4306539844,0.251434597
190,126615,31736,1664577,4018285376,0.250649607
191,126615,31737,4095537,4018411992,0.250657505
192,126615,31732,8863081,4017778912,0.250618015
193,126615,31731,9203729,4017652296,0.250610117
194,126615,31734,9699457,4018032144,0.250633811
195,120761,30220,106033,3649427640,0.250246354
196,120761,30235,481071,3651239070,0.250370567
197,120761,30241,2628133,3651963642,0.250420252
198,120761,30236,4024875,3651359832,0.250378847
199,120761,30237,4754211,3651480594,0.250387128
200,118431,29681,187381,3515180192,0.250618504
201,118431,29716,1028899,3519325312,0.250914034
202,118431,29684,3238689,3515535488,0.250643835
203,118431,29717,4330791,3519443744,0.250922478
204,118431,29718,5012949,3519562176,0.250930922
205,118431,29720,7013053,3519799040,0.250947809
206,118431,29731,7400129,3521101792,0.251040690
207,118431,29729,8770145,3520864928,0.251023803
208,114167,28552,403365,3259724736,0.250089781
209,114167,28553,1762377,3259838904,0.250098540
210,114167,28555,2744083,3260067240,0.250116058
211,107713,26957,43173,2903646298,0.250266913
212,107713,26958,236045,2903754012,0.250276197
213,107713,26965,236333,2904508010,0.250341184
214,107713,26964,255057,2904400296,0.250331901
215,107713,26966,274625,2904615724,0.250350468
216,107713,26954,326889,2903323156,0.250239061
217,107713,26952,349653,2903107728,0.250220493
218,107713,26956,394851,2903538584,0.250257629
219,107713,26955,462669,2903430870,0.250248345
220,107713,26950,520769,2902892300,0.250201925
221,107713,26953,754833,2903215442,0.250229777
222,107713,26951,1222781,2903000014,0.250211209
223,107713,26959,1682083,2903861726,0.250285481
224,105461,26313,408809,2775021606,0.249504556
225,105461,26315,429633,2775232530,0.249523521
226,104153,26125,7691821,2721023250,0.250832909
227,104153,26178,9078689,2726543412,0.251341776
228,104153,26176,9082661,2726335104,0.251322574
229,97791,24465,38737,2392481280,0.250176397
230,97791,24541,4606099,2399913472,0.250953564
231,97791,24542,4822813,2400011264,0.250963790
232,90497,22633,6817183,2048241234,0.250096688
233,87841,21963,1586025,1929273846,0.250031307
234,79673,20004,8991841,1593798696,0.251076274
235,75609,18974,7424031,1434624140,0.250948961
236,71791,17901,1605477,1285148592,0.249348804
237,71649,18005,3322851,1290058250,0.251294505
238,70401,17686,3780245,1245129772,0.251218022
239,70401,17687,5150233,1245200174,0.251232227
240,69177,17441,7131111,1206533498,0.252121370
241,69177,17424,7992975,1205357472,0.251875623
242,69177,17426,8594709,1205495828,0.251904535
243,69177,17427,9733939,1205565006,0.251918990
244,68281,17143,18891,1170558326,0.251065450
245,68281,17139,1503231,1170285198,0.251006869
246,68281,17141,2256969,1170421762,0.251036159
247,68281,17140,2305861,1170353480,0.251021514
248,68281,17137,4135395,1170148634,0.250977578
249,68281,17138,4340281,1170216916,0.250992223
250,68281,17147,5376665,1170831454,0.251124032
251,68281,17144,5435713,1170626608,0.251080095
252,68281,17142,7883157,1170490044,0.251050805
253,64391,16174,5839971,1041476208,0.251184172
254,64391,16262,9382551,1047142704,0.252550822
255,64295,16152,2527801,1038508992,0.251217046
256,64295,16147,4178649,1038187512,0.251139280
257,64295,16154,5076393,1038637584,0.251248153
258,64215,16035,1222551,1029703560,0.249708012
259,63903,15979,1147713,1021122016,0.250050858
260,63903,15980,1434237,1021185920,0.250066507
261,55833,14062,3999453,785137708,0.251858220
262,55833,14063,4191845,785193542,0.251876131
263,55833,14072,4885401,785696048,0.252037326
264,55833,14073,7750897,785751882,0.252055236
265,55833,14093,7982165,786868562,0.252413447
266,55833,14094,8059123,786924396,0.252431358
267,55833,14086,8706825,786477724,0.252288073
268,55009,13756,154611,756717560,0.250068171
269,54831,13795,8253213,756407440,0.251591253
270,52409,13249,6399033,694380090,0.252800092
271,52409,13250,9250437,694432500,0.252819172
272,51713,12975,501449,670989150,0.250904028
273,51713,12974,976579,670937436,0.250884691
274,51713,12973,1024071,670885722,0.250865353
275,51713,12970,1350679,670730580,0.250807341
276,51713,12971,1354279,670782294,0.250826678
277,49711,12531,2231059,622941072,0.252077005
278,49711,12537,3205731,623239344,0.252197703
279,49711,12526,3474733,622692512,0.251976424
280,49711,12524,4064145,622593088,0.251936191
281,49711,12536,4322113,623189632,0.252177586
282,49711,12523,4352161,622543376,0.251916075
283,49711,12534,4981889,623090208,0.252137354
284,49711,12525,5026099,622642800,0.251956307
285,49711,12527,5276041,622742224,0.251996540
286,49711,12541,5359325,623438192,0.252278168
287,49711,12539,5671409,623338768,0.252237935
288,49711,12542,5966271,623487904,0.252298284
289,49711,12540,6088483,623388480,0.252258052
290,49711,12538,6281061,623289056,0.252217819
291,49711,12555,9349181,624134160,0.252559796
292,49711,12554,9456089,624084448,0.252539679
293,49711,12556,9750139,624183872,0.252579912
294,48857,12494,9204799,610431852,0.255725894
295,48641,12178,2145,592362276,0.250364918
296,47055,11882,3822509,559119392,0.252513017
297,47055,11881,7537971,559072336,0.252491765
298,47055,11839,8140039,557095984,0.251599192
299,47055,11838,8279681,557048928,0.251577941
300,47055,11841,8307885,557190096,0.251641696
301,47055,11840,8341483,557143040,0.251620444
302,46433,11694,3445933,542999196,0.251846747
303,46433,11699,5039825,543231366,0.251954429
304,46433,11691,5561337,542859894,0.251782138
305,46433,11692,5714313,542906328,0.251803674
306,46433,11693,5726751,542952762,0.251825211
307,46433,11700,5995557,543277800,0.251975965
308,45369,11440,5030179,519032800,0.252154555
309,45369,11468,6273181,520303160,0.252771716
310,45369,11447,6346459,519350390,0.252308845
311,45369,11469,7164253,520348530,0.252793758
312,44985,11434,5206473,514369924,0.254173613
313,44985,11435,5967333,514414910,0.254195843
314,44985,11436,6218631,514459896,0.254218073
315,44985,11485,6673557,516664210,0.255307325
316,44985,11439,8272251,514594854,0.254284762
317,44985,11438,8309023,514549868,0.254262532
318,44813,11201,794253,501961614,0.249949791
319,44813,11202,1139729,502006428,0.249972106
320,43735,11040,7427105,482845440,0.252429404
321,43631,11121,8248639,485231472,0.254887580
322,43631,11123,8320049,485318736,0.254933419
323,43631,11143,8892471,486191376,0.255391809
324,43631,11146,9429953,486322272,0.255460567
325,43631,11147,9708393,486365904,0.255483487
326,43631,11144,9967529,486235008,0.255414728
327,42745,10864,7492385,464392544,0.254158381
328,42745,10863,8738385,464349798,0.254134987
329,42735,10831,6683789,462873616,0.253445653
330,42735,10843,6715897,463386448,0.253726454
331,42735,10832,6982851,462916352,0.253469053
332,42735,10833,7008061,462959088,0.253492453
333,42359,10726,4285633,454353360,0.253216554
334,42359,10725,4318035,454311000,0.253192946
335,42359,10727,4342339,454395720,0.253240161
336,42359,10736,5075733,454776960,0.253452631
337,42359,10735,5587423,454734600,0.253429023
338,42359,10772,6722009,456301920,0.254302510
339,42359,10734,6821881,454692240,0.253405416
340,42359,10724,7176093,454268640,0.253169338
341,42201,10698,7026439,451476996,0.253501102
342,42201,10730,8052465,452827460,0.254259378
343,42201,10749,9375605,453629298,0.254709604
344,40857,10278,811065,419938524,0.251560320
345,40857,10279,871889,419979382,0.251584796
346,40857,10274,1093797,419775092,0.251462418
347,40857,10275,1094419,419815950,0.251486893
348,40857,10276,1105843,419856808,0.251511369
349,40857,10288,1668501,420347104,0.251805076
350,40857,10289,1717243,420387962,0.251829552
351,40857,10284,3880553,420183672,0.251707174
352,40669,10139,9945,412353130,0.249305368
353,40495,10195,3226635,412856720,0.251759476
354,40463,10215,2210733,413339760,0.252452858
355,39649,9927,1991959,393605550,0.250372014
356,39649,9929,2553883,393684850,0.250422457
357,38943,9981,7681661,388700064,0.256297666
358,38943,9982,8144277,388739008,0.256323344
359,38943,9980,8752303,388661120,0.256271987
360,38943,9984,9579537,388816896,0.256374701
361,38799,9748,44571,378222400,0.251243589
362,38799,9749,185697,378261200,0.251269363
363,38799,9734,1293951,377679200,0.250882755
364,38799,9746,1348537,378144800,0.251192041
365,38799,9779,3020733,379425200,0.252042578
366,38799,9778,3041073,379386400,0.252016805
367,37593,9650,8638589,362782100,0.256696725
368,37593,9649,8674341,362744506,0.256670125
369,37593,9652,8782311,362857288,0.256749927
370,37593,9651,8808237,362819694,0.256723326
371,37593,9654,8903333,362932476,0.256803128
372,37593,9644,8985593,362556536,0.256537121
373,37593,9672,9019169,363609168,0.257281941
374,37593,9653,9329621,362894882,0.256776528
375,37207,9397,2049329,349643576,0.252560002
376,37207,9396,2317071,349606368,0.252533125
377,37207,9398,2621045,349680784,0.252586879
378,37207,9399,2636263,349717992,0.252613755
379,37207,9403,4522819,349866824,0.252721262
380,36473,9153,317385,333846522,0.250952760
381,36127,9248,8926681,334111744,0.255985828
382,34773,8680,224263,301838320,0.249618957
383,34773,8679,239655,301803546,0.249590199
384,34415,8697,2972415,299315952,0.252709574
385,34415,8791,7029315,302551056,0.255440941
386,34265,8682,3239849,297497412,0.253378083
387,34265,8680,4712571,297428880,0.253319714
388,33505,8493,3017221,284566458,0.253484555
389,33505,8496,3215779,284666976,0.253574093
390,33463,8481,3865611,283808184,0.253444102
391,33463,8672,9740469,290199808,0.259151899
392,33273,8353,497761,277937722,0.251044390
393,33273,8356,1944523,278037544,0.251134554
394,33273,8400,2907057,279501600,0.252456947
395,33273,8405,3668249,279667970,0.252607219
396,33273,8406,3680621,279701244,0.252637273
397,33273,8404,3956525,279634696,0.252577165
398,33007,8372,4109871,276342976,0.253643167
399,33007,8380,4441505,276607040,0.253885539
400,31647,8012,3312171,253563776,0.253167757
401,31647,8053,4866103,254861344,0.254463298
402,31647,8055,5070225,254924640,0.254526495
403,31647,8057,5095005,254987936,0.254589693
404,31647,8056,5116183,254956288,0.254558094
405,31585,7980,362841,252056280,0.252651575
406,31585,7981,1166719,252087866,0.252683236
407,31585,7983,1773189,252151038,0.252746557
408,31585,7982,1826481,252119452,0.252714896
409,31585,8004,3211469,252814344,0.253411429
410,31585,8008,3235663,252940688,0.253538072
411,31585,8005,3252981,252845930,0.253443090
412,31585,8006,3278049,252877516,0.253474751
413,31585,8009,3303951,252972274,0.253569732
414,31585,8044,4320139,254077784,0.254677853
415,31009,7899,5153441,244947990,0.254732497
416,31009,7889,6581909,244637890,0.254410010
417,30113,7611,2016837,229197654,0.252747983
418,30113,7612,2240839,229227768,0.252781191
419,30113,7610,2788553,229167540,0.252714774
420,30113,7818,9063171,235431252,0.259622090
421,29687,7417,256361,220195896,0.249839997
422,29687,7544,2869425,223966272,0.254117964
423,29687,7543,2873151,223936584,0.254084279
424,29687,7541,2921937,223877208,0.254016910
425,29687,7542,2927323,223906896,0.254050595
426,29687,7546,3593691,224025648,0.254185334
427,29687,7545,3613449,223995960,0.254151649
428,28577,7291,4254357,208362198,0.255135249
429,28577,7338,5168001,209705364,0.256779928
430,28577,7332,5659191,209533896,0.256569969
431,27863,7364,9486921,205190496,0.264293149
432,27583,6983,2003249,192619072,0.253163180
433,27545,7073,5617071,194832858,0.256779815
434,27545,7100,6113457,195576600,0.257760029
435,27545,7101,6189041,195604146,0.257796333
436,27545,7097,6252721,195493962,0.257651116
437,27545,7102,6261673,195631692,0.257832638
438,27545,7098,6274875,195521508,0.257687421
439,27545,7099,7122333,195549054,0.257723725
440,27065,6773,207411,183318018,0.250249400
441,27033,6981,4888781,188724354,0.258239929
442,27033,6990,5295619,188967660,0.258572855
443,27033,6982,5392709,188751388,0.258276921
444,27033,7008,5418165,189454272,0.259238708
445,27033,6983,5425441,188778422,0.258313913
446,27033,6991,5623333,188994694,0.258609847
447,27033,6999,5687789,189210966,0.258905782
448,27033,6989,5692633,188940626,0.258535864
449,27033,7001,5694891,189265034,0.258979765
450,27033,6998,5696641,189183932,0.258868790
451,27033,6997,6022281,189156898,0.258831798
452,27033,7002,6244311,189292068,0.259016757
453,27033,7000,6297825,189238000,0.258942774
454,26807,7086,8538651,189961488,0.264333943
455,26807,7095,9321439,190202760,0.264669676
456,26807,7094,9550173,190175952,0.264632372
457,26049,6616,1652573,172346800,0.253982878
458,26049,6615,1704777,172320750,0.253944489
459,26049,6614,1738161,172294700,0.253906100
460,26049,6617,1793617,172372850,0.254021268
461,26049,6672,6562333,173805600,0.256132673
462,25945,6851,9744065,177756046,0.264058585
463,25239,6644,8820081,167694560,0.263243393
464,25239,6645,8855959,167719800,0.263283014
465,25239,6635,9466805,167467400,0.262886802
466,25239,6634,9635513,167442160,0.262847181
467,25217,6661,9938621,167977098,0.264147202
468,24911,6579,9030933,163896048,0.264100197
469,24911,6592,9732573,164219904,0.264622055
470,24247,6314,5460261,153101872,0.260403349
471,24247,6313,5564331,153077624,0.260362107
472,24247,6346,6804951,153877808,0.261723100
473,24247,6348,6854323,153926304,0.261805584
474,24247,6345,6890525,153853560,0.261681858
475,24247,6351,7040681,153999048,0.261929311
476,24247,6347,7049593,153902056,0.261764342
477,24247,6352,7387385,154023296,0.261970553
478,24247,6344,7469541,153829312,0.261640615
479,24247,6350,7474053,153974800,0.261888069
480,24247,6349,7476153,153950552,0.261846826
481,24247,6355,7780473,154096040,0.262094280
482,24247,6354,7802151,154071792,0.262053037
483,24127,6375,8156313,153816000,0.264226800
484,24127,6376,8215663,153840128,0.264268247
485,24127,6362,8567345,153502336,0.263687984
486,24127,6371,9207273,153719488,0.264061010
487,24063,6001,1001,144408064,0.249387026
488,24063,5987,31137,144071168,0.248805220
489,24063,5960,119409,143421440,0.247683165
490,24063,5991,885813,144167424,0.248971450
491,23719,6054,3530473,143600880,0.255238416
492,23327,6212,7893309,144913536,0.266300853
493,23327,6211,8123323,144890208,0.266257984
494,23327,6208,8532831,144820224,0.266129378
495,23327,6240,8855009,145566720,0.267501179
496,23327,6241,9174319,145590048,0.267544048
497,23327,6243,9233811,145636704,0.267629785
498,23327,6242,9457505,145613376,0.267586916
499,23327,6251,9470137,145823328,0.267972735
500,23327,6252,9498051,145846656,0.268015604
501,23327,6239,9615233,145543392,0.267458310
502,23327,6249,9728779,145776672,0.267886998
503,23183,6080,6854789,140958720,0.262261140
504,23183,6127,6965715,142048368,0.264288487
505,23183,6126,7132561,142025184,0.264245352
506,23183,6082,7147661,141005088,0.262347410
507,23183,6086,7450029,141097824,0.262519950
508,23183,6149,7767005,142558416,0.265237458
509,23183,6081,7917513,140981904,0.262304275
510,22809,5823,1922479,132822630,0.255293963
511,22809,5822,2032843,132799820,0.255250121
512,22809,5825,2215321,132868250,0.255381648
513,22809,5826,2282973,132891060,0.255425490
514,22809,5891,3461691,134373710,0.258275242
515,22809,5921,5495473,135058010,0.259590513
516,22809,5949,6041625,135696690,0.260818098
517,22785,5718,72043,130290348,0.250954575
518,22785,5722,126351,130381492,0.251130129
519,22785,5720,160653,130335920,0.251042352
520,22785,5721,178393,130358706,0.251086241
521,22785,5724,587285,130427064,0.251217907
522,22639,5833,3091901,132059120,0.257652723
523,22639,5832,3216453,132036480,0.257608552
524,22639,5834,3775965,132081760,0.257696895
525,22639,5812,3919251,131583680,0.256725120
526,22639,5865,5054331,132783600,0.259066213
527,22639,5898,6341451,133530720,0.260523875
528,22639,6029,8198789,136496560,0.266310349
529,22639,6030,8229051,136519200,0.266354521
530,22639,6087,8561655,137809680,0.268872300
531,22639,6036,8576541,136655040,0.266619550
532,22639,6034,8610601,136609760,0.266531207
533,22639,6090,8633013,137877600,0.269004815
534,22639,6089,8681511,137854960,0.268960643
535,22639,6081,8691559,137673840,0.268607271
536,22639,6088,8723511,137832320,0.268916472
537,22639,6091,8816811,137900240,0.269048986
538,22639,6074,8873899,137515360,0.268298070
539,22639,6084,8921621,137741760,0.268739785
540,22639,6076,8941995,137560640,0.268386413
541,22639,6086,9006045,137787040,0.268828128
542,22639,6080,9172377,137651200,0.268563099
543,22639,6075,9346921,137538000,0.268342241
544,22639,6093,9508011,137945520,0.269137329
545,22639,6094,9548037,137968160,0.269181501
546,22503,5957,6339573,134056328,0.264720260
547,22503,5959,6441517,134101336,0.264809137
548,22503,5958,6441545,134078832,0.264764698
549,22503,5945,7187059,133786280,0.264186997
550,22503,5952,7468131,133943808,0.264498067
551,22399,5837,4857573,130748800,0.260591991
552,22399,5840,5295481,130816000,0.260725925
553,21889,5714,5458469,125079460,0.261044360
554,21889,5713,6026325,125057570,0.260998675
555,21055,5698,8170889,119977088,0.270624555
556,21017,5410,2346237,113707380,0.257410668
557,21017,5419,3231613,113896542,0.257838892
558,21017,5418,3237351,113875524,0.257791312
559,21017,5421,3269033,113938578,0.257934053
560,21017,5405,3403749,113602290,0.257172765
561,21017,5406,3659049,113623308,0.257220345
562,21017,5415,4201109,113812470,0.257648570
563,21017,5416,4205901,113833488,0.257696151
564,21017,5414,4213057,113791452,0.257600990
565,20871,5284,1555033,110287648,0.253174261
566,20871,5280,1592419,110204160,0.252982607
567,20871,5282,1636095,110245904,0.253078434
568,20871,5281,1662015,110225032,0.253030521
569,20871,5285,1665329,110308520,0.253222174
570,20871,5290,1796115,110412880,0.253461741
571,20871,5404,2919397,112792288,0.258923866
572,20871,5446,4366459,113668912,0.260936227
573,20871,5447,4383961,113689784,0.260984141
574,20871,5619,8248777,117279768,0.269225241
575,20863,5616,8316721,117172224,0.269184681
576,20823,5650,8432681,117655600,0.271334582
577,20823,5654,8474613,117738896,0.271526677
578,20823,5649,8498221,117634776,0.271286558
579,20823,5651,8601703,117676424,0.271382606
580,20823,5652,8616537,117697248,0.271430630
581,20823,5647,8777913,117593128,0.271190510
582,20695,5563,7540017,115131848,0.268808891
583,20695,5536,7588317,114573056,0.267504228
584,20695,5605,8435945,116001080,0.270838367
585,20695,5606,8575035,116021776,0.270886688
586,20695,5559,8660201,115049064,0.268615608
587,20695,5604,8667909,115980384,0.270790046
588,20695,5635,9295113,116621960,0.272287992
589,20647,5142,1123,106172016,0.249043445
590,20647,5207,955961,107514136,0.252191602
591,20647,5235,1035489,108092280,0.253547731
592,20647,5236,1075961,108112928,0.253596164
593,20647,5245,1105977,108298760,0.254032063
594,20647,5247,1289137,108340056,0.254128929
595,20647,5246,1355945,108319408,0.254080496
596,20647,5221,1718281,107803208,0.252869666
597,20647,5268,1861393,108773664,0.255146026
598,20647,5266,2305519,108732368,0.255049160
599,20647,5265,2354409,108711720,0.255000726
600,20647,5267,2389313,108753016,0.255097593
601,20647,5249,2416071,108381352,0.254225796
602,20503,5241,2442213,107461464,0.255621129
603,20503,5267,2520597,107994568,0.256889236
604,20503,5280,2541013,108261120,0.257523289
605,20503,5278,2651473,108220112,0.257425743
606,20503,5275,2745909,108158600,0.257279423
607,20503,5277,2760463,108199608,0.257376969
608,20503,5274,2786257,108138096,0.257230649
609,20503,5268,2826777,108015072,0.256938009
610,20503,5282,3212751,108302128,0.257620836
611,20455,5530,9037889,113121680,0.270349548
612,20417,5136,656143,104866848,0.251555077
613,20417,5113,734861,104397234,0.250428564
614,20417,5125,766793,104642250,0.251016310
615,20417,5126,897177,104662668,0.251065289
616,20417,5393,5885161,110114274,0.264142626
617,20417,5415,6400973,110563470,0.265220160
618,20417,5418,6532589,110624724,0.265367096
619,20417,5417,6538057,110604306,0.265318117
620,20417,5566,8386393,113646588,0.272615957
621,20417,5563,8457471,113585334,0.272469021
622,20417,5564,8463365,113605752,0.272518000
623,20417,5565,8492041,113626170,0.272566978
624,20359,5235,2352965,106584600,0.257134437
625,20359,5234,2530657,106564240,0.257085319
626,20015,5089,1753183,101861424,0.254259306
627,19993,5165,3245561,103269010,0.258340419
628,19993,5172,3579869,103408968,0.258690542
629,19993,5173,3595065,103428962,0.258740559
630,19993,5171,3646145,103388974,0.258640524
631,19993,5166,3692719,103289004,0.258390437
632,19993,5392,8195119,107807648,0.269694393
633,19993,5391,8366781,107787654,0.269644376
634,19865,5074,1674761,100800084,0.255424113
635,19865,5081,1698411,100939146,0.255776491
636,19865,5080,1706153,100919280,0.255726152
637,19865,5073,1717921,100780218,0.255373773
638,19865,5082,2098695,100959012,0.255826831
639,19865,5258,6002129,104455428,0.264686635
640,19737,5005,1172811,98788690,0.253584638
641,19737,5025,1639153,99183450,0.254597963
642,19737,5006,1709683,98808428,0.253635304
643,19737,5004,1762381,98768952,0.253533972
644,19737,5109,2441821,100841442,0.258853929
645,19737,5107,2754891,100801966,0.258752597
646,19737,5111,2806169,100880918,0.258955262
647,19719,5060,1748041,99783200,0.256605305
648,19719,5061,1868961,99802920,0.256656017
649,19719,5066,2155077,99901520,0.256909580
650,19719,5064,2208521,99862080,0.256808155
651,19719,5065,2250097,99881800,0.256858867
652,19719,5070,2271051,99980400,0.257112430
653,19719,5068,2370373,99940960,0.257011005
654,19719,5055,2753457,99684600,0.256351742
655,19719,5078,2905035,100138160,0.257518130
656,19719,5079,2916103,100157880,0.257568842
657,19719,5067,2966133,99921240,0.256960292
658,19719,5069,3000441,99960680,0.257061717
659,19719,5056,3090009,99704320,0.256402454
660,19719,5077,3097155,100118440,0.257467417
661,19719,5057,3126117,99724040,0.256453167
662,19719,5100,3426361,100572000,0.258633805
663,19719,5117,3495933,100907240,0.259495918
664,19719,5081,3501799,100197320,0.257670267
665,19719,5107,3594665,100710040,0.258988793
666,19719,5121,3760999,100986120,0.259698768
667,19719,5119,3807793,100946680,0.259597343
668,19719,5111,4023013,100788920,0.259191643
669,19719,5118,4465551,100926960,0.259546630
670,19673,5449,9206835,107203626,0.276978600
671,19673,5448,9212565,107183952,0.276927769
672,19673,5450,9215193,107223300,0.277029431
673,19673,5451,9237357,107242974,0.277080262
674,19673,5444,9520377,107105256,0.276724445
675,19673,5447,9612101,107164278,0.276876938
676,19673,5445,9685529,107124930,0.276775276
677,19673,5443,9695257,107085582,0.276673614
678,19673,5434,9825753,106908516,0.276216134
679,19329,4958,1992439,95838140,0.256505769
680,19329,4967,3122497,96012110,0.256971390
681,19329,5039,3381153,97403870,0.260696363
682,19329,5034,4879521,97307220,0.260437684
683,19329,5035,4890831,97326550,0.260489420
684,19329,5033,4896561,97287890,0.260385949
685,19329,5102,5122063,98621660,0.263955714
686,19329,5103,5149491,98640990,0.264007450
687,19329,5135,5426129,99259550,0.265662993
688,19329,5132,5543489,99201560,0.265507786
689,19329,5136,5606239,99278880,0.265714729
690,19329,5122,5797065,99008260,0.264990429
691,19329,5152,6684165,99588160,0.266542501
692,19329,5151,6700197,99568830,0.266490765
693,19329,5153,6790473,99607490,0.266594237
694,19329,5149,7086721,99530170,0.266387294
695,19207,4788,449,91967904,0.249284115
696,19207,4814,152333,92467312,0.250637788
697,19207,4812,239441,92428896,0.250533660
698,19207,4813,259611,92448104,0.250585724
699,19207,4852,277437,93197216,0.252616234
700,19207,4995,3218803,95943960,0.260061436
701,19207,4968,3689271,95425344,0.258655698
702,19207,4967,3735217,95406136,0.258603634
703,18823,5244,9012561,98713056,0.278595335
704,18743,5216,9782353,97768704,0.278290562
705,18743,5215,9814371,97749960,0.278237209
706,18361,4603,31279,84520286,0.250694407
707,18361,4604,47733,84538648,0.250748870
708,18305,4591,54859,84042846,0.250805791
709,18305,4671,824669,85507326,0.255176181
710,18305,4672,954771,85525632,0.255230811
711,18305,4675,977433,85580550,0.255394701
712,18305,4674,1237181,85562244,0.255340071
713,18305,4673,1268497,85543938,0.255285441
714,18233,4806,4865033,87632604,0.263588000
715,18233,4807,4935921,87650838,0.263642845
716,18233,4808,4938613,87669072,0.263697691
717,17721,4485,766689,79483170,0.253089555
718,17721,4486,778665,79500892,0.253145985
719,17721,4479,925081,79376838,0.252750973
720,17721,4477,988325,79341394,0.252638113
721,17721,4484,1029237,79465448,0.253033125
722,17721,4475,1029573,79305950,0.252525253
723,17721,4483,1050679,79447726,0.252976694
724,17721,4488,1134809,79536336,0.253258845
725,17721,4478,1141537,79359116,0.252694543
726,17721,4501,1152541,79766722,0.253992438
727,17721,4498,1165365,79713556,0.253823148
728,17721,4500,1188129,79749000,0.253936008
729,17721,4491,1188633,79589502,0.253428136
730,17721,4476,1263185,79323672,0.252581683
731,17721,4481,1330491,79412282,0.252863834
732,17721,4480,1335193,79394560,0.252807404
733,17721,4482,1335353,79430004,0.252920264
734,17721,4497,1551831,79695834,0.253766717
735,17721,4494,1676733,79642668,0.253597427
736,17721,4521,1839357,80121162,0.255121043
737,17721,4522,1850871,80138884,0.255177473
738,17721,4503,1968777,79802166,0.254105299
739,17721,4519,2307425,80085718,0.255008182
740,17721,4675,4656033,82850350,0.263811297
741,17721,4674,4675145,82832628,0.263754867
742,17721,4670,4866897,82761740,0.263529146
743,17721,4671,4888099,82779462,0.263585576
744,17721,4676,4957329,82868072,0.263867728
745,17721,4679,5100619,82921238,0.264037018
746,17593,4578,3454925,80545332,0.260217132
747,17567,4619,4135241,81146592,0.262936187
748,17567,4618,4173555,81129024,0.262879262
749,17567,4635,4331293,81427680,0.263846986
750,17567,4617,4443885,81111456,0.262822337
751,17567,4666,5487981,81972288,0.265611658
752,17567,4797,8021137,84273696,0.273068822
753,17567,4882,8332173,85766976,0.277907440
754,17567,4883,8383219,85784544,0.277964365
755,17567,4892,8929893,85942656,0.278476689
756,17567,4891,8931701,85925088,0.278419764
757,17529,4675,5864129,81952750,0.266700896
758,17529,4674,5869335,81935220,0.266643847
759,17249,4348,9929,75003000,0.252072584
760,17249,4350,13289,75037500,0.252188533
761,17249,4349,69869,75020250,0.252130558
762,17249,4337,496153,74813250,0.251434866
763,17249,4351,515083,75054750,0.252246507
764,17249,4355,584331,75123750,0.252478405
765,17249,4352,677621,75072000,0.252304481
766,17249,4356,726609,75141000,0.252536379
767,17249,4353,933163,75089250,0.252362456
768,17217,4371,267079,75259878,0.253876982
769,17217,4696,6698921,80855728,0.272753674
770,17217,4711,8006217,81113998,0.273624906
771,16871,4716,8357977,79568352,0.279532926
772,16871,4747,8602733,80091384,0.281370399
773,16871,4745,8607943,80057640,0.281251852
774,16871,4744,8710565,80040768,0.281192579
775,16871,4742,8722723,80007024,0.281074032
776,16871,4746,8776425,80074512,0.281311126
777,16871,4743,8927369,80023896,0.281133306
778,16871,4739,9030337,79956408,0.280896212
779,16871,4750,9106857,80142000,0.281548219
780,16871,4740,9187901,79973280,0.280955486
781,16871,4751,9189185,80158872,0.281607492
782,16871,4734,9583265,79872048,0.280599846
783,16871,4733,9600429,79855176,0.280540573
784,16775,4525,5648031,75911400,0.269746647
785,16775,4559,6309333,76481784,0.271773472
786,16775,4558,6365385,76465008,0.271713860
787,16775,4554,6564777,76397904,0.271475410
788,16775,4599,6659157,77152824,0.274157973
789,16775,4593,6681149,77052168,0.273800298
790,16775,4600,6856357,77169600,0.274217586
791,16775,4607,7151933,77287032,0.274634873
792,16775,4591,7167057,77018616,0.273681073
793,16775,4656,7252473,78109056,0.277555887
794,16775,4592,7507581,77035392,0.273740686
795,16775,4647,7605029,77958072,0.277019374
796,16775,4661,7702233,78192936,0.277853949
797,16775,4644,7856899,77907744,0.276840537
798,16775,4646,7899185,77941296,0.276959762
799,16775,4662,8009073,78209712,0.277913562
800,16769,4286,1472321,71876220,0.255590673
801,16769,4285,1751261,71859450,0.255531039
802,16761,4455,4555769,74674710,0.265795597
803,16761,4458,4697645,74724996,0.265974584
804,16761,4457,4805263,74708234,0.265914922
805,16761,4459,5020745,74741758,0.266034246
806,16641,4533,6394339,75438186,0.272399495
807,16407,4436,4854065,72785888,0.270372402
808,16407,4441,5048923,72867928,0.270677150
809,16407,4440,5141031,72851520,0.270616200
810,16407,4437,5189289,72802296,0.270433352
811,16407,4442,5210397,72884336,0.270738100
812,16407,4432,5342609,72720256,0.270128604
813,16407,4433,5390577,72736664,0.270189553
814,16407,4443,5628195,72900744,0.270799049
815,16407,4446,5652281,72949968,0.270981898
816,16407,4444,5986357,72917152,0.270859999
817,16385,4638,8726451,75998268,0.283063778
818,16319,4578,8834381,74712960,0.280531895
819,16319,4628,8871753,75528960,0.283595809
820,16319,4626,8976933,75496320,0.283473252
821,16319,4624,9081171,75463680,0.283350696
822,16319,4627,9173409,75512640,0.283534530
823,16319,4622,9227349,75431040,0.283228139
824,16319,4629,9378885,75545280,0.283657087
825,16055,4177,2229301,67065912,0.260168172
826,16055,4175,2424493,67033800,0.260043600
827,16055,4176,2475021,67049856,0.260105886
828,16031,4189,3025001,67158048,0.261306219
829,16031,4188,3031721,67142016,0.261243840
830,16031,4190,3035873,67174080,0.261368598
831,16031,4193,3283953,67222176,0.261555736
832,16031,4194,3365081,67238208,0.261618115
833,16031,4191,3391461,67190112,0.261430977
834,15937,4032,1304781,64262016,0.252996172
835,15937,4246,4282579,67672748,0.266424045
836,15897,4030,682753,64068940,0.253506951
837,15897,4037,1148105,64180226,0.253947286
838,15897,4050,1296697,64386900,0.254765050
839,15897,4051,1415161,64402798,0.254827955
840,15705,4161,3669081,65352666,0.264947469
841,15599,4552,9736209,71011200,0.291813578
842,15599,4553,9757321,71026800,0.291877684
843,15599,4554,9805805,71042400,0.291941791
844,15599,4551,9968817,70995600,0.291749471
845,15599,4556,9979371,71073600,0.292070004
846,15599,4555,9985321,71058000,0.292005898
847,15519,4157,3914037,64516640,0.267865197
848,15519,4163,3955933,64609760,0.268251820
849,15519,4162,4015381,64594240,0.268187383
850,15519,4164,4080711,64625280,0.268316257
851,15425,4283,6128893,66069558,0.277666126
852,15425,4287,6536503,66131262,0.277925446
853,15425,4286,6537681,66115836,0.277860616
854,15425,4282,6669665,66054132,0.277601297
855,15425,4377,8360877,67519602,0.283760130
856,15341,3816,159581,58545072,0.248745193
857,15341,3815,159817,58529730,0.248680008
858,15169,4298,7595585,65200660,0.283341024
859,15169,4289,7618423,65064130,0.282747709
860,15169,4299,7705773,65215830,0.283406948
861,15169,4300,7808465,65231000,0.283472872
862,15169,4328,8017113,65655760,0.285318742
863,15169,4330,8121351,65686100,0.285450590
864,15169,4340,8139111,65837800,0.286109829
865,15169,4339,8251233,65822630,0.286043905
866,15135,4055,3841201,61376480,0.267922035
867,15135,4042,4060949,61179712,0.267063099
868,15135,4086,4125629,61845696,0.269970268
869,15135,4095,4278693,61981920,0.270564916
870,15135,4096,4308953,61997056,0.270630988
871,15135,4097,4321633,62012192,0.270697060
872,15135,4089,4330589,61891104,0.270168484
873,15135,4098,4334613,62027328,0.270763132
874,15135,4085,4355655,61830560,0.269904196
875,15135,4092,4590749,61936512,0.270366700
876,15135,4090,4606145,61906240,0.270234556
877,15135,4093,4632195,61951648,0.270432772
878,15135,4127,4739985,62466272,0.272679220
879,15135,4091,4754377,61921376,0.270300628
880,15135,4129,4785855,62496544,0.272811364
881,15135,4094,4817539,61966784,0.270498844
882,15135,4128,4876483,62481408,0.272745292
883,15135,4126,5009535,62451136,0.272613148
884,15135,4149,5672885,62799264,0.274132805
885,15135,4278,7678671,64751808,0.282656095
886,15135,4314,8258633,65296704,0.285034688
887,15135,4332,8348489,65569152,0.286223984
888,15135,4331,8506633,65554016,0.286157912
889,15135,4345,8598969,65765920,0.287082920
890,15135,4339,8762641,65675104,0.286686488
891,15063,3884,1356269,58508576,0.257850362
892,15063,3890,1514589,58598960,0.258248689
893,15063,3878,1519153,58418192,0.257452035
894,15063,3891,1575139,58614024,0.258315077
895,15063,3885,1669321,58523640,0.257916750
896,15063,3879,1730993,58433256,0.257518423
897,15063,3883,1782465,58493512,0.257783974
898,15063,3882,1791569,58478448,0.257717586
899,15063,3892,1876349,58629088,0.258381465
900,15063,3889,2035399,58583896,0.258182301
901,15063,3959,2202089,59638376,0.262829450
902,15063,3961,2847357,59668504,0.262962225
903,15063,3963,2980333,59698632,0.263095001
904,15063,3962,3046293,59683568,0.263028613
905,14743,3852,1911837,56793888,0.261276538
906,14743,3851,1916257,56779144,0.261208709
907,14743,3850,1993769,56764400,0.261140880
908,14743,3837,2086843,56572728,0.260259106
909,14743,3836,2092301,56557984,0.260191277
910,14743,3838,2095941,56587472,0.260326935
911,14743,3834,2106117,56528496,0.260055620
912,14743,3845,2149185,56690680,0.260801736
913,14743,3846,2172905,56705424,0.260869565
914,14743,3847,2434663,56720168,0.260937394
915,14743,3843,2460973,56661192,0.260666079
916,14743,3856,2557617,56852864,0.261547853
917,14743,3857,2577125,56867608,0.261615682
918,14743,3849,2604897,56749656,0.261073052
919,14743,3821,2837917,56336824,0.259173845
920,14743,3861,2943199,56926584,0.261886997
921,14743,3859,3041623,56897096,0.261751340
922,14743,3864,3132989,56970816,0.262090484
923,14719,3787,1600325,55744640,0.257286500
924,14719,3788,1624339,55759360,0.257354440
925,14671,3942,4260501,57837024,0.268693341
926,14671,3972,4691655,58277184,0.270738191
927,14671,3953,4862145,57998416,0.269443119
928,14671,3971,4965181,58262512,0.270670029
929,14625,3854,2509297,56368604,0.263521368
930,14625,3857,2514473,56412482,0.263726496
931,14625,3853,2525553,56353978,0.263452991
932,14625,3855,2918013,56383230,0.263589744
933,14625,3860,3074693,56456360,0.263931624
934,14625,3861,3082731,56470986,0.264000000
935,14625,3862,3145911,56485612,0.264068376
936,14625,3878,3149289,56719628,0.265162393
937,14625,3883,3198411,56792758,0.265504274
938,14625,3881,3260691,56763506,0.265367521
939,14625,3863,3318465,56500238,0.264136752
940,14625,3884,3391861,56807384,0.265572650
941,14625,3868,3512083,56573368,0.264478632
942,14625,3867,3516139,56558742,0.264410256
943,14625,3869,3556797,56587994,0.264547009
944,14625,3916,3604173,57275416,0.267760684
945,14625,3915,3609733,57260790,0.267692308
946,14625,3872,3633173,56631872,0.264752137
947,14625,3914,3690651,57246164,0.267623932
948,14447,3960,4792033,57214080,0.274105351
949,14447,3967,4887393,57315216,0.274589880
950,14447,3969,4960473,57344112,0.274728317
951,14447,3968,5075705,57329664,0.274659099
952,14447,3966,5081397,57300768,0.274520662
953,14447,3958,5124909,57185184,0.273966914
954,14447,3959,5139365,57199632,0.274036132
955,14447,3949,5159009,57055152,0.273343947
956,14447,3957,5215453,57170736,0.273897695
957,14447,3962,5318473,57242976,0.274243788
958,14447,3948,5342321,57040704,0.273274728
959,14447,3952,5382043,57098496,0.273551602
960,14447,3953,5654083,57112944,0.273620821
961,14447,3972,5699969,57387456,0.274935973
962,14447,3971,5704193,57373008,0.274866754
963,14447,3955,5824377,57141840,0.273759258
964,14447,4202,8288549,60710496,0.290856233
965,14447,4201,8292343,60696048,0.290787015
966,14447,4203,8295809,60724944,0.290925452
967,14361,3929,4935293,56428298,0.273588190
968,14361,3928,5175313,56413936,0.273518557
969,14361,4005,5966055,57519810,0.278880301
970,14361,3996,6027689,57390552,0.278253604
971,14233,3571,223759,50829614,0.250895806
972,14233,3611,267101,51398974,0.253706176
973,14233,3610,275013,51384740,0.253635917
974,14233,3609,447249,51370506,0.253565657
975,14233,3608,587037,51356272,0.253495398
976,14233,3606,1010595,51327804,0.253354880
977,14233,3622,1259533,51555548,0.254479028
978,14209,3613,919519,51340730,0.254275459
979,14209,3612,1001261,51326520,0.254205081
980,13983,3497,82445,48902048,0.250089394
981,13983,3496,82813,48888064,0.250017879
982,13983,3498,139209,48916032,0.250160910
983,13945,4097,8625357,57136762,0.293797060
984,13945,4077,8663225,56857842,0.292362854
985,13945,4099,8713573,57164654,0.293940480
986,13945,4111,8720145,57332006,0.294801004
987,13945,4078,8737933,56871788,0.292434564
988,13945,4156,8788843,57959576,0.298027967
989,13945,4093,8790523,57080978,0.293510219
990,13945,4140,8881785,57736440,0.296880602
991,13945,4095,8928079,57108870,0.293653639
992,13945,4123,9087629,57499358,0.295661527
993,13945,4112,9137825,57345952,0.294872714
994,13945,4131,9173277,57610926,0.296235210
995,13945,4132,9173673,57624872,0.296306920
996,13945,4122,9308119,57485412,0.295589817
997,13945,4121,9344081,57471466,0.295518107
998,13945,4151,9576601,57889846,0.297669416
999,13945,4113,9619385,57359898,0.294944425
1000,13921,3608,1778461,50230576,0.259176783
1001,13921,3700,2785197,51511400,0.265785504
1002,13921,3699,2790351,51497478,0.265713670
1003,13921,3857,4897961,53697154,0.277063429
1004,13921,3859,5006293,53724998,0.277207097
1005,13881,3905,6074165,54209210,0.281319790
1006,13881,3904,6348777,54195328,0.281247749
1007,13881,3906,6449841,54223092,0.281391831
1008,13881,3907,6452383,54236974,0.281463871
1009,13881,3908,6478449,54250856,0.281535912
1010,13881,3911,6507989,54292502,0.281752035
1011,13881,3912,6581585,54306384,0.281824076
1012,13839,3871,5616353,53574640,0.279716743
1013,13839,3903,5624599,54017520,0.282029048
1014,13839,3872,5625057,53588480,0.279789002
1015,13839,3901,5924217,53989840,0.281884529
1016,13839,3893,5953989,53879120,0.281306453
1017,13839,3939,6324163,54515760,0.284630392
1018,13839,3940,6349251,54529600,0.284702652
1019,13839,3889,6349721,53823760,0.281017415
1020,13839,3888,6413173,53809920,0.280945155
1021,13839,3938,6434565,54501920,0.284558133
1022,13839,3890,6448393,53837600,0.281089674
1023,13839,3936,6580783,54474240,0.284413614
1024,13839,3922,6828413,54280480,0.283401980
1025,13793,3901,5871809,53810394,0.282824621
1026,13793,3902,5960625,53824188,0.282897122
1027,13569,3861,6606361,52393770,0.284545656
1028,13569,3862,6606859,52407340,0.284619353
1029,13569,3860,6641991,52380200,0.284471958
1030,13569,3947,7426423,53560790,0.290883632
1031,13569,3950,7562681,53601500,0.291104724
1032,13569,3955,7952857,53669350,0.291473211
1033,13473,3630,3348009,48910620,0.269427744
1034,13473,3672,3880625,49476528,0.272545090
1035,13473,3671,3957401,49463054,0.272470868
1036,13473,3673,4152937,49490002,0.272619313
1037,13473,3722,4243371,50150228,0.276256216
1038,13375,3915,7649443,52367040,0.292710280
1039,13375,3917,7742997,52393792,0.292859813
1040,13375,3916,7747461,52380416,0.292785047
1041,13375,3930,7785269,52567680,0.293831776
1042,13375,3929,7847313,52554304,0.293757009
1043,13375,3920,7854283,52433920,0.293084112
1044,13375,3931,7865585,52581056,0.293906542
1045,13375,3921,7883653,52447296,0.293158879
1046,13247,4079,9908041,54038592,0.307918774
1047,13217,3819,6804753,50479542,0.288946054
1048,13217,3818,6830803,50466324,0.288870394
1049,13217,3824,6955813,50545632,0.289324355
1050,13217,3820,7018093,50492760,0.289021714
1051,13217,3821,7049669,50505978,0.289097375
1052,13217,4010,9285185,53004180,0.303397140
1053,13217,4008,9329761,52977744,0.303245820
1054,13217,4009,9462113,52990962,0.303321480
1055,13217,4007,9494197,52964526,0.303170160
1056,13015,3392,1617033,44150272,0.260622359
1057,12985,3331,573425,43256366,0.256526762
1058,12985,3286,638817,42671996,0.253061224
1059,12985,3340,1515117,43373240,0.257219869
1060,12967,3329,512945,43170472,0.256728619
1061,12967,3331,752513,43196408,0.256882856
1062,12863,3823,7403277,49179072,0.297209049
1063,12863,3816,7505359,49089024,0.296664853
1064,12863,3805,7537039,48947520,0.295809687
1065,12863,3824,7666237,49191936,0.297286792
1066,12863,3825,7670617,49204800,0.297364534
1067,12863,3826,7685169,49217664,0.297442276
1068,12863,3821,7693889,49153344,0.297053564
1069,12863,3822,7708611,49166208,0.297131307
1070,12833,3762,6876181,48281508,0.293150471
1071,12833,3761,6988601,48268674,0.293072547
1072,12801,3474,3391289,44474148,0.271385048
1073,12801,3489,3484545,44666178,0.272556831
1074,12801,3465,3536811,44358930,0.270681978
1075,12801,3470,3739759,44422940,0.271072572
1076,12735,3344,1612603,42589184,0.262583431
1077,12735,3365,1686103,42856640,0.264232430
1078,12735,3364,1689473,42843904,0.264153907
1079,12735,3345,1750363,42601920,0.262661955
1080,12735,3342,1818885,42563712,0.262426384
1081,12735,3334,1912153,42461824,0.261798194
1082,12735,3341,1935537,42550976,0.262347860
1083,12735,3338,1955839,42512768,0.262112289
1084,12735,3340,1992793,42538240,0.262269336
1085,12735,3363,2494325,42831168,0.264075383
1086,12735,3398,2593833,43276928,0.266823714
1087,12735,3397,2625951,43264192,0.266745190
1088,12735,3399,2672779,43289664,0.266902238
1089,12735,3426,3140853,43633536,0.269022379
1090,12735,3427,3141079,43646272,0.269100903
1091,12735,3431,3169597,43697216,0.269414998
1092,12735,3428,3200561,43659008,0.269179427
1093,12735,3662,6104599,46639232,0.287553985
1094,12697,3481,4045723,44201738,0.274159250
1095,12697,3479,4117431,44176342,0.274001733
1096,12697,3487,4214553,44277926,0.274631803
1097,12697,3488,4218283,44290624,0.274710562
1098,12697,3490,4332461,44316020,0.274868079
1099,12697,3489,4500651,44303322,0.274789320
1100,12679,3581,5121233,45407080,0.282435523
1101,12679,3585,5132835,45457800,0.282751006
1102,12679,3587,5212377,45483160,0.282908747
1103,12679,3577,5344663,45356360,0.282120041
1104,12679,3584,5551829,45445120,0.282672135
1105,12679,3586,5591539,45470480,0.282829876
1106,12679,3588,5619153,45495840,0.282987617
1107,12679,3583,5709825,45432440,0.282593264
1108,12679,3589,5765691,45508520,0.283066488
1109,12679,3807,8186895,48272760,0.300260273
1110,12679,3805,8232641,48247400,0.300102532
1111,12679,3804,8324229,48234720,0.300023661
1112,12679,3806,8326985,48260080,0.300181402
1113,12679,3803,8356219,48222040,0.299944791
1114,12679,3802,8383243,48209360,0.299865920
1115,12679,3809,8470671,48298120,0.300418014
1116,12671,3175,31611,40233600,0.250572173
1117,12671,3173,71719,40208256,0.250414332
1118,12671,3179,367393,40284288,0.250887854
1119,12599,3224,758273,40622400,0.255893325
1120,12599,3223,759817,40609800,0.255813953
1121,12599,3228,804761,40672800,0.256210810
1122,12599,3230,991251,40698000,0.256369553
1123,12455,3367,2951285,41939352,0.270333200
1124,12455,3371,3119369,41989176,0.270654356
1125,12287,3245,2175593,39874560,0.264100269
1126,12287,3247,2176505,39899136,0.264263042
1127,12287,3246,2177623,39886848,0.264181655
1128,12287,3256,2229269,40009728,0.264995524
1129,12287,3252,2243833,39960576,0.264669976
1130,12287,3255,2520793,39997440,0.264914137
1131,12287,3394,3992253,41705472,0.276226906
1132,12287,3457,4728425,42479616,0.281354277
1133,12287,3749,8209339,46067712,0.305119232
1134,12287,3750,8229373,46080000,0.305200619
1135,12287,3725,8441839,45772800,0.303165948
1136,12287,3745,8610523,46018560,0.304793684
1137,12287,3746,8855073,46030848,0.304875071
1138,12257,3199,1475753,39213342,0.260993718
1139,12183,3294,2381825,40134096,0.270376754
1140,12183,3291,3160921,40097544,0.270130510
1141,12183,3366,3483209,41011344,0.276286629
1142,12057,3356,3961325,40466648,0.278344530
1143,12057,3354,4014231,40442532,0.278178651
1144,12057,3359,4047291,40502822,0.278593348
1145,12057,3358,4051017,40490764,0.278510409
1146,12057,3355,4106325,40454590,0.278261591
1147,12057,3550,6112491,42805900,0.294434768
1148,12057,3567,6351521,43010886,0.295844737
1149,12057,3553,6366681,42842074,0.294683586
1150,12057,3566,6380309,42998828,0.295761798
1151,12057,3563,6462665,42962654,0.295512980
1152,12057,3561,6477729,42938538,0.295347101
1153,12057,3562,6489573,42950596,0.295430041
1154,12057,3565,6489577,42986770,0.295678859
1155,12057,3560,6589497,42926480,0.295264162
1156,12015,3608,7605171,43353728,0.300291303
1157,12015,3609,7605209,43365744,0.300374532
1158,11841,3604,7468025,42678568,0.304366185
1159,11841,3603,7470621,42666726,0.304281733
1160,11841,3606,7553981,42702252,0.304535090
1161,11841,3607,7602209,42714094,0.304619542
1162,11841,3608,7734033,42725936,0.304703995
1163,11841,3609,7765333,42737778,0.304788447
1164,11841,3605,8020303,42690410,0.304450638
1165,11833,3465,6259215,41004810,0.292825150
1166,11833,3466,6404397,41016644,0.292909659
1167,11833,3495,6476705,41359830,0.295360433
1168,11833,3496,6492111,41371664,0.295444942
1169,11769,3437,6069453,40453490,0.292038406
1170,11769,3460,6180351,40724200,0.293992693
1171,11769,3459,6297329,40712430,0.293907724
1172,11769,3461,6332803,40735970,0.294077662
1173,11727,3478,6691657,40789984,0.296580541
1174,11489,2880,1853,33091200,0.250674558
1175,11489,2882,64399,33114180,0.250848638
1176,11489,2879,102453,33079710,0.250587518
1177,11489,2899,257553,33309510,0.252328314
1178,11489,2907,321583,33401430,0.253024632
1179,11417,3188,3759133,36400584,0.279232723
1180,11417,3191,3778879,36434838,0.279495489
1181,11417,3183,3784681,36343494,0.278794780
1182,11417,3186,3819433,36377748,0.279057546
1183,11417,3185,3827253,36366330,0.278969957
1184,11417,3224,3831181,36811632,0.282385916
1185,11417,3187,3838395,36389166,0.279145134
1186,11417,3181,3846941,36320658,0.278619602
1187,11417,3212,3849161,36674616,0.281334852
1188,11417,3213,3849213,36686034,0.281422440
1189,11417,3182,3862513,36332076,0.278707191
1190,11417,3184,3888629,36354912,0.278882368
1191,11417,3189,3897559,36412002,0.279320312
1192,11417,3193,3903777,36457674,0.279670667
1193,11417,3229,4093229,36868722,0.282823859
1194,11417,3235,4107817,36937230,0.283349391
1195,11417,3231,4121277,36891558,0.282999037
1196,11417,3232,4124433,36902976,0.283086625
1197,11417,3233,4129699,36914394,0.283174214
1198,11417,3222,4198121,36788796,0.282210738
1199,11417,3228,4239785,36857304,0.282736270
1200,11417,3243,4304659,37028574,0.284050101
1201,11417,3244,4304949,37039992,0.284137689
1202,11417,3230,4475337,36880140,0.282911448
1203,11417,3241,4493325,37005738,0.283874923
1204,11417,3242,4506997,37017156,0.283962512
1205,11417,3238,4599433,36971484,0.283612157
1206,11321,2882,752119,32630004,0.254571151
1207,11321,2883,777853,32641326,0.254659482
1208,11321,2920,857925,33060240,0.257927745
1209,11321,2918,874279,33037596,0.257751082
1210,11321,2919,875419,33048918,0.257839413
1211,11137,3560,8723045,39651280,0.319655203
1212,11137,3562,8893663,39673556,0.319834785
1213,11073,2829,582693,31328346,0.255486318
1214,10967,3095,4081601,33945960,0.282210267
1215,10967,3118,4108399,34198224,0.284307468
1216,10967,3126,4249911,34285968,0.285036929
1217,10967,3125,4262401,34275000,0.284945746
1218,10967,3124,4263343,34264032,0.284854564
1219,10967,3191,4892105,34998888,0.290963800
1220,10967,3210,4916553,35207280,0.292696271
1221,10967,3190,4949239,34987920,0.290872618
1222,10967,3189,5065759,34976952,0.290781435
1223,10967,3230,5107251,35426640,0.294519923
1224,10967,3239,5123921,35525352,0.295340567
1225,10967,3237,5199389,35503416,0.295158202
1226,10967,3231,5338269,35437608,0.294611106
1227,10967,3229,5479713,35415672,0.294428741
1228,10967,3263,5568953,35788584,0.297528950
1229,10967,3238,5609511,35514384,0.295249385
1230,10967,3262,5645165,35777616,0.297437768
1231,10967,3479,8032445,38157672,0.317224400
1232,10967,3480,8076831,38168640,0.317315583
1233,10903,3381,7235161,36866424,0.310098138
1234,10903,3380,7237481,36855520,0.310006420
1235,10903,3378,7330851,36833712,0.309822984
1236,10903,3379,7373719,36844616,0.309914702
1237,10903,3386,7426933,36920944,0.310556728
1238,10903,3377,7681093,36822808,0.309731267
1239,10841,2720,40529,29490240,0.250899364
1240,10841,2722,62081,29511924,0.251083848
1241,10841,2723,77857,29522766,0.251176091
1242,10841,2770,317133,30032340,0.255511484
1243,10841,2750,343833,29815500,0.253666636
1244,10841,2752,471785,29837184,0.253851121
1245,10841,2775,590833,30086550,0.255972696
1246,10841,2779,617031,30129918,0.256341666
1247,10841,2764,618435,29967288,0.254958030
1248,10841,2780,633897,30140760,0.256433908
1249,10841,2774,634365,30075708,0.255880454
1250,10841,2773,711675,30064866,0.255788211
1251,10841,2781,750569,30151602,0.256526151
1252,10841,2771,753861,30043182,0.255603727
1253,10841,2776,777873,30097392,0.256064939
1254,10841,2856,1911813,30964752,0.263444332
1255,10785,3062,4095481,33026732,0.283912842
1256,10785,3061,4136373,33015946,0.283820121
1257,10631,2664,223809,28323648,0.250587903
1258,10631,2746,839101,29195472,0.258301195
1259,10631,2745,947173,29184840,0.258207130
1260,10631,2748,969189,29216736,0.258489324
1261,10613,2637,365641,27989118,0.248468859
1262,10553,2931,2850901,30933774,0.277740927
1263,10553,2930,3089913,30923220,0.277646167
1264,10553,2928,3196903,30902112,0.277456647
1265,10553,2933,3309801,30954882,0.277930446
1266,10553,2929,3310005,30912666,0.277551407
1267,10537,3570,9841201,37620660,0.338806112
1268,10433,2970,3400191,30988980,0.284673632
1269,10433,2956,3734175,30842904,0.283331736
1270,10433,2955,3765545,30832470,0.283235886
1271,10433,2957,3781541,30853338,0.283427586
1272,10433,2953,3821853,30811602,0.283044187
1273,10433,2974,4007175,31030716,0.285057031
1274,10377,3352,7553921,34787056,0.323022068
1275,10377,3353,7655821,34797434,0.323118435
1276,10377,3342,7716009,34683276,0.322058398
1277,10377,3344,7762303,34704032,0.322251132
1278,10377,3343,7774773,34693654,0.322154765
1279,10377,3356,7835031,34828568,0.323407536
1280,10377,3341,7875379,34672898,0.321962031
1281,10377,3386,8031223,35139908,0.326298545
1282,10377,3384,8059749,35119152,0.326105811
1283,10377,3383,8059925,35108774,0.326009444
1284,10377,3385,8173063,35129530,0.326202178
1285,10377,3387,8185413,35150286,0.326394912
1286,10377,3382,8248961,35098396,0.325913077
1287,10377,3345,8322585,34714410,0.322347499
1288,10377,3346,8322665,34724788,0.322443866
1289,10329,3294,7001189,34027020,0.318907929
1290,10329,3341,7454673,34512530,0.323458224
1291,10329,3346,7469997,34564180,0.323942298
1292,10329,3345,7555671,34553850,0.323845484
1293,10329,3343,7603093,34533190,0.323651854
1294,10329,3329,7669581,34388570,0.322296447
1295,10329,3334,7679193,34440220,0.322780521
1296,10329,3328,7687545,34378240,0.322199632
1297,10329,3333,7697985,34429890,0.322683706
1298,10329,3342,7989821,34522860,0.323555039
1299,10329,3546,9959213,36630180,0.343305257
1300,10241,3020,4611153,30930840,0.294893077
1301,10239,2589,369149,26511360,0.252856724
1302,10239,2596,394125,26583040,0.253540385
1303,10239,2588,413631,26501120,0.252759059
1304,10239,2635,972073,26982400,0.257349351
1305,10239,2664,1198213,27279360,0.260181658
1306,10209,2596,113119,26505160,0.254285434
1307,10209,2597,113533,26515370,0.254383387
1308,10209,2598,142057,26525580,0.254481340
1309,10209,2599,349269,26535790,0.254579293
1310,10209,2612,387471,26668520,0.255852679
1311,10209,2613,389313,26678730,0.255950632
1312,10209,2617,437631,26719570,0.256342443
1313,10209,2611,469313,26658310,0.255754726
1314,10209,2604,481257,26586840,0.255069057
1315,10209,2618,481671,26729780,0.256440396
1316,10209,2600,498643,26546000,0.254677246
1317,10209,2619,516809,26739990,0.256538349
1318,10209,2610,670361,26648100,0.255656773
1319,10209,2609,688689,26637890,0.255558821
1320,10175,2593,273657,26386368,0.254840295
1321,10175,2571,314623,26162496,0.252678133
1322,10175,2594,744619,26396544,0.254938575
1323,10175,2595,745251,26406720,0.255036855
1324,10175,2837,2627713,28869312,0.278820639
1325,10175,2849,2897193,28991424,0.280000000
1326,10175,2857,2904473,29072832,0.280786241
1327,10175,2859,2905039,29093184,0.280982801
1328,10175,2864,2907891,29144064,0.281474201
1329,10175,2858,2913379,29083008,0.280884521
1330,10175,2848,2917431,28981248,0.279901720
1331,10175,2861,3051019,29113536,0.281179361
1332,10175,2862,3171315,29123712,0.281277641
1333,10175,2860,3197093,29103360,0.281081081
1334,10175,2863,3383157,29133888,0.281375921
1335,10175,3215,6672133,32715840,0.315970516
1336,10175,3213,6688543,32695488,0.315773956
1337,10175,3216,6689853,32726016,0.316068796
1338,10175,3209,6718917,32654784,0.315380835
1339,10175,3214,6724459,32705664,0.315872236
1340,10175,3210,6905613,32664960,0.315479115
1341,10175,3211,6911225,32675136,0.315577396
1342,10175,3219,6965623,32756544,0.316363636
1343,10175,3217,7086041,32736192,0.316167076
1344,10175,3208,7214045,32644608,0.315282555
1345,10175,3218,7494951,32746368,0.316265356
1346,10175,3385,8498803,34445760,0.332678133
1347,10175,3392,8579521,34516992,0.333366093
1348,10175,3386,8588325,34455936,0.332776413
1349,10175,3414,8617993,34740864,0.335528256
1350,10175,3416,9146765,34761216,0.335724816
1351,10071,2749,2151785,27687928,0.272961970
1352,10071,2737,2166489,27567064,0.271770430
1353,10071,2731,2211831,27506632,0.271174660
1354,10071,2748,2351557,27677856,0.272862675
1355,10071,2761,2477599,27808792,0.274153510
1356,10071,2771,2735205,27909512,0.275146460
1357,10071,2772,2758099,27919584,0.275245755
1358,10071,3158,6604893,31807376,0.313573627
1359,10071,3165,6656021,31877880,0.314268692
1360,10071,3166,6689781,31887952,0.314367987
1361,10063,3456,9312433,34781184,0.343436351
1362,10063,3472,9358077,34942208,0.345026334
1363,10063,3468,9364625,34901952,0.344628838
1364,10063,3471,9364723,34932144,0.344926960
1365,10063,3469,9378253,34912016,0.344728212
1366,10063,3470,9378541,34922080,0.344827586
1367,10063,3460,9379441,34821440,0.343833847
1368,10063,3465,9406281,34871760,0.344330716
1369,10063,3473,9413419,34952272,0.345125708
1370,10063,3474,9415671,34962336,0.345225082
1371,10063,3466,9438739,34881824,0.344430090
1372,10063,3459,9445229,34811376,0.343734473
1373,10063,3464,9452705,34861696,0.344231343
1374,10063,3458,9457879,34801312,0.343635099
1375,10063,3482,9481039,35042848,0.346020074
1376,10063,3467,9522593,34891888,0.344529464
1377,10063,3481,9527443,35032784,0.345920700
1378,10063,3495,9601617,35173680,0.347311935
1379,10063,3496,9603463,35183744,0.347411309
1380,10063,3498,9618433,35203872,0.347610057
1381,10063,3497,9636521,35193808,0.347510683
1382,10063,3493,9678213,35153552,0.347113187
1383,10063,3486,9693943,35083104,0.346417569
1384,10063,3489,9703889,35113296,0.346715691
1385,10063,3485,9737041,35073040,0.346318195
1386,10063,3506,9773641,35284384,0.348405048
1387,10063,3483,9809525,35052912,0.346119447
1388,10063,3509,9819817,35314576,0.348703170
1389,10063,3512,9866839,35344768,0.349001292
1390,10063,3518,9953861,35405152,0.349597536
1391,9943,3476,9811279,34565344,0.349592678
1392,9903,2860,3628445,28325440,0.288801373
1393,9903,2859,3629113,28315536,0.288700394
1394,9897,3333,8357337,32990034,0.336768718
1395,9897,3328,8383377,32940544,0.336263514
1396,9897,3332,8410371,32980136,0.336667677
1397,9897,3335,8412029,33009830,0.336970799
1398,9897,3334,8421305,32999932,0.336869759
1399,9897,3331,8422505,32970238,0.336566636
1400,9897,3329,8430089,32950442,0.336364555
1401,9897,3337,8571905,33029626,0.337172881
1402,9897,3330,8806845,32960340,0.336465596
1403,9889,2688,2042179,26584320,0.271817171
1404,9889,3451,9565809,34130390,0.348973607
1405,9889,3450,9680889,34120500,0.348872485
1406,9889,3481,9744729,34427090,0.352007281
1407,9889,3480,9803803,34417200,0.351906158
1408,9889,3484,9819837,34456760,0.352310648
1409,9889,3472,9832809,34338080,0.351097179
1410,9889,3479,9863677,34407310,0.351805036
1411,9889,3486,9877761,34476540,0.352512893
1412,9889,3485,9888951,34466650,0.352411771
1413,9889,3483,9954357,34446870,0.352209526
1414,9889,3482,9963309,34436980,0.352108403
1415,9887,2491,289159,24631008,0.251947001
1416,9849,2879,4110041,28358150,0.292313941
1417,9849,2880,4383079,28368000,0.292415474
1418,9817,2688,2043657,26390784,0.273810736
1419,9817,2702,2252977,26528236,0.275236834
1420,9817,2701,2288729,26518418,0.275134970
1421,9817,2689,2317423,26400602,0.273912601
1422,9817,2700,2319859,26508600,0.275033106
1423,9817,2703,2378741,26538054,0.275338698
1424,9817,2690,2434269,26410420,0.274014465
1425,9817,2762,2637403,27117316,0.281348681
1426,9817,2779,2868905,27284222,0.283080371
1427,9817,2771,2880489,27205678,0.282265458
1428,9817,2778,2899649,27274404,0.282978507
1429,9817,2773,2931945,27225314,0.282469186
1430,9817,2777,2932723,27264586,0.282876643
1431,9817,2772,2952365,27215496,0.282367322
1432,9817,2781,3101145,27303858,0.283284099
1433,9817,2789,3102161,27382402,0.284099012
1434,9817,2760,3123255,27097680,0.281144953
1435,9817,2786,3148077,27352948,0.283793420
1436,9817,2784,3156665,27333312,0.283589691
1437,9817,2810,3167503,27588580,0.286238158
1438,9817,2785,3169989,27343130,0.283691555
1439,9817,2813,3187971,27618034,0.286543751
1440,9817,2780,3194393,27294040,0.283182235
1441,9817,2802,3290381,27510036,0.285423245
1442,9817,2782,3334913,27313676,0.283385963
1443,9817,2798,3385519,27470764,0.285015789
1444,9817,2811,3484635,27598398,0.286340022
1445,9817,2797,3497113,27460946,0.284913925
1446,9817,2821,3497857,27696578,0.287358664
1447,9817,2823,3510615,27716214,0.287562392
1448,9817,2814,3514829,27627852,0.286645615
1449,9817,2819,3521609,27676942,0.287154935
1450,9817,2815,3525089,27637670,0.286747479
1451,9817,2818,3525449,27667124,0.287053071
1452,9817,2832,3565153,27804576,0.288479169
1453,9817,2816,3641013,27647488,0.286849343
1454,9817,2825,3662789,27735850,0.287766120
1455,9817,2836,3687561,27843848,0.288886625
1456,9817,2822,3860893,27706396,0.287460528
1457,9793,3242,7772115,31752148,0.331052793
1458,9793,3243,7884555,31761942,0.331154907
1459,9793,3244,7974193,31771736,0.331257020
1460,9775,3414,9380229,33375264,0.349258312
1461,9775,3422,9457695,33453472,0.350076726
1462,9775,3423,9516555,33463248,0.350179028
1463,9775,3420,9667251,33433920,0.349872123
1464,9775,3427,9721423,33502352,0.350588235
1465,9775,3428,9842861,33512128,0.350690537
1466,9761,3232,7604481,31550784,0.331113615
1467,9761,3233,7604511,31560546,0.331216064
1468,9761,3370,9048553,32897940,0.345251511
1469,9689,2818,3700399,27306420,0.290845288
1470,9689,2827,3778791,27393630,0.291774177
1471,9689,2821,3823673,27335490,0.291154918
1472,9689,2828,3826311,27403320,0.291877387
1473,9689,2848,3830779,27597120,0.293941583
1474,9689,2847,3833211,27587430,0.293838373
1475,9689,2849,3865229,27606810,0.294044793
1476,9689,2850,3882097,27616500,0.294148003
1477,9689,2853,3898491,27645570,0.294457632
1478,9689,2852,3901993,27635880,0.294354423
1479,9689,2851,3977023,27626190,0.294251213
1480,9689,2857,4192005,27684330,0.294870472
1481,9503,2878,4827913,27352512,0.302851731
1482,9441,2464,863571,23265088,0.260989302
1483,9441,2463,932797,23255646,0.260883381
1484,9441,2465,949681,23274530,0.261095223
1485,9441,2560,1686001,24171520,0.271157716
1486,9441,2935,5298689,27712270,0.310878085
1487,9441,2934,5319823,27702828,0.310772164
1488,9441,2933,5335071,27693386,0.310666243
1489,9441,2932,5383197,27683944,0.310560322
1490,9441,2942,5453053,27778364,0.311619532
1491,9441,2943,5511345,27787806,0.311725453
1492,9441,3171,7813681,29940582,0.335875437
1493,9433,3018,6014677,28471812,0.319940634
1494,9433,3021,6018213,28500114,0.320258666
1495,9433,3022,6022071,28509548,0.320364677
1496,9433,3023,6032961,28518982,0.320470688
1497,9433,3024,6061173,28528416,0.320576699
1498,9433,3025,6085333,28537850,0.320682710
1499,9433,3020,6097017,28490680,0.320152656
1500,9433,3019,6156545,28481246,0.320046645
1501,9433,3096,6876799,29207664,0.328209477
1502,9433,3100,6920091,29245400,0.328633521
1503,9433,3095,6922857,29198230,0.328103467
1504,9433,3097,6943611,29217098,0.328315488
1505,9433,3102,6963245,29264268,0.328845542
1506,9295,2965,6001917,27562640,0.318988704
1507,9295,2961,6083091,27525456,0.318558365
1508,9295,2985,6177089,27748560,0.321140398
1509,9295,2984,6185697,27739264,0.321032813
1510,9295,2983,6219329,27729968,0.320925229
1511,9295,2957,6371937,27488272,0.318128026
1512,9113,2386,850243,21746004,0.261823768
1513,9097,3319,9380775,30196262,0.364845553
1514,9097,3318,9411005,30187164,0.364735627
1515,9097,3313,9441597,30141674,0.364185995
1516,9097,3274,9651795,29786852,0.359898868
1517,9097,3369,9882273,30651162,0.370341871
1518,9057,2571,2781273,23288118,0.283868831
1519,9057,2572,2789955,23297176,0.283979243
1520,9057,2570,2872611,23279060,0.283758419
1521,9057,2633,3397533,23849714,0.290714365
1522,9057,2663,3483329,24121454,0.294026720
1523,9057,2634,3488211,23858772,0.290824776
1524,9057,2664,3500489,24130512,0.294137132
1525,9057,2665,3513773,24139570,0.294247543
1526,9047,3075,7175461,27822600,0.339891677
1527,9047,3133,7863009,28347384,0.346302642
1528,9047,3132,7863101,28338336,0.346192108
1529,9047,3131,7871533,28329288,0.346081574
1530,9047,3128,8031231,28302144,0.345749972
1531,9047,3129,8303189,28311192,0.345860506
1532,9025,2537,2266173,22898962,0.281108033
1533,9025,2521,2289009,22754546,0.279335180
1534,9025,2520,2304749,22745520,0.279224377
1535,9025,2531,2346103,22844806,0.280443213
1536,9025,2513,2357599,22682338,0.278448753
1537,9025,2548,2400665,22998248,0.282326870
1538,9025,2546,2418185,22980196,0.282105263
1539,9025,2526,2418633,22799676,0.279889197
1540,9025,2525,2420151,22790650,0.279778393
1541,9025,2534,2423173,22871884,0.280775623
1542,9025,2545,2425385,22971170,0.281994460
1543,9025,2523,2436351,22772598,0.279556787
1544,9025,2533,2454253,22862858,0.280664820
1545,9025,2517,2459175,22718442,0.278891967
1546,9025,2522,2465353,22763572,0.279445983
1547,9025,2530,2483493,22835780,0.280332410
1548,9025,2524,2501945,22781624,0.279667590
1549,9025,2527,2514799,22808702,0.280000000
1550,9025,2528,2544873,22817728,0.280110803
1551,9025,2554,2560219,23052404,0.282991690
1552,9025,2557,2569957,23079482,0.283324100
1553,9025,2555,2609511,23061430,0.283102493
1554,9025,2556,2613189,23070456,0.283213296
1555,9025,2553,2630175,23043378,0.282880886
1556,9025,2572,2695409,23214872,0.284986150
1557,9025,2529,2697703,22826754,0.280221607
1558,9025,2550,2718189,23016300,0.282548476
1559,9025,2551,2718457,23025326,0.282659280
1560,9025,2540,2745457,22926040,0.281440443
1561,9025,2547,2756923,22989222,0.282216066
1562,9025,2552,2800681,23034352,0.282770083
1563,9025,2629,3191993,23729354,0.291301939
1564,9025,3324,9581921,30002424,0.368310249
1565,9025,3322,9593419,29984372,0.368088643
1566,9025,3330,9687171,30056580,0.368975069
1567,9001,3137,7960243,28239274,0.348516831
1568,8991,3287,9056119,29556704,0.365587810
1569,8991,3286,9056931,29547712,0.365476588
1570,8991,3301,9467391,29682592,0.367144923
1571,8991,3347,9874933,30096224,0.372261150
1572,8991,3344,9892293,30069248,0.371927483
1573,8991,3345,9908313,30078240,0.372038705
1574,8991,3353,9947151,30150176,0.372928484
1575,8991,3352,9980059,30141184,0.372817262
1576,8991,3348,9994543,30105216,0.372372372
1577,8897,2658,3815041,23650884,0.298752388
1578,8897,2711,4330169,24122478,0.304709453
1579,8897,2710,4332813,24113580,0.304597055
1580,8897,2712,4467439,24131376,0.304821850
1581,8897,2802,4878711,24932196,0.314937619
1582,8897,2782,4911283,24754236,0.312689671
1583,8897,2803,4938213,24941094,0.315050017
1584,8897,2804,5065131,24949992,0.315162414
1585,8897,2790,5068601,24825420,0.313588850
1586,8897,2801,5078381,24923298,0.314825222
1587,8897,2780,5206205,24736440,0.312464876
1588,8897,2781,5216169,24745338,0.312577273
1589,8897,2875,5920241,25581750,0.323142632
1590,8897,3031,6988205,26969838,0.340676633
1591,8767,2202,159531,19307136,0.251169157
1592,8767,2260,626037,19815680,0.257784875
1593,8767,2259,650497,19806912,0.257670811
1594,8767,2304,812511,20201472,0.262803696
1595,8767,2303,855859,20192704,0.262689632
1596,8767,2417,1994533,21192256,0.275692939
1597,8767,2416,2102793,21183488,0.275578875
1598,8767,2418,2133213,21201024,0.275807004
1599,8767,2414,2158113,21165952,0.275350747
1600,8767,2413,2181721,21157184,0.275236683
1601,8577,2593,3522061,22242754,0.302320159
1602,8577,2590,3542289,22217020,0.301970386
1603,8577,2594,3589813,22251332,0.302436749
1604,8577,2600,3769445,22302800,0.303136295
1605,8577,2584,3778851,22165552,0.301270841
1606,8577,2585,3779333,22174130,0.301387432
1607,8577,2599,3794273,22294222,0.303019704
1608,8577,2598,3814851,22285644,0.302903113
1609,8577,2597,3863373,22277066,0.302786522
1610,8577,2596,4003857,22268488,0.302669931
1611,8577,2601,4014153,22311378,0.303252886
1612,8577,2604,4103539,22337112,0.303602658
1613,8577,2605,4119433,22345690,0.303719249
1614,8577,2606,4150699,22354268,0.303835840
1615,8577,3280,9802557,28135840,0.382418095
1616,8577,3284,9816693,28170152,0.382884458
1617,8577,3295,9948221,28264510,0.384166958
1618,8503,2335,1807649,19856840,0.274608962
1619,8503,2331,1827951,19822824,0.274138539
1620,8503,2332,1848841,19831328,0.274256145
1621,8503,2329,1877617,19805816,0.273903328
1622,8503,2908,6867961,24729632,0.341996942
1623,8481,2191,627425,18584062,0.258342177
1624,8481,3116,8457231,26429912,0.367409504
1625,8481,3117,8513413,26438394,0.367527414
1626,8481,3119,8516201,26455358,0.367763235
1627,8481,3120,8564263,26463840,0.367881146
1628,8481,3118,8572971,26446876,0.367645325
1629,8481,3229,9369429,27388378,0.380733404
1630,8481,3230,9387111,27396860,0.380851315
1631,8481,3232,9412519,27413824,0.381087136
1632,8481,3231,9413549,27405342,0.380969225
1633,8481,3239,9459291,27473198,0.381912510
1634,8481,3226,9969333,27362932,0.380379672
1635,8377,2104,292999,17627312,0.251163901
1636,8377,2148,364349,17995944,0.256416378
1637,8351,2386,2440513,19927872,0.285714286
1638,8351,2384,2454411,19911168,0.285474793
1639,8303,2327,1979345,19323408,0.280260147
1640,8303,2399,2456931,19921296,0.288931711
1641,8303,2401,2465173,19937904,0.289172588
1642,8303,2400,2466763,19929600,0.289052150
1643,8297,3083,8336981,25582734,0.371580089
1644,8297,3081,8441801,25566138,0.371339038
1645,8297,3101,8501511,25732098,0.373749548
1646,8297,3100,8516751,25723800,0.373629023
1647,8297,3092,8568379,25657416,0.372664819
1648,8297,3099,8569963,25715502,0.373508497
1649,8297,3097,9099605,25698906,0.373267446
1650,8297,3098,9129101,25707204,0.373387972
1651,8193,2487,3433145,20378478,0.303551813
1652,8193,2488,3539017,20386672,0.303673868
1653,8193,2489,3560533,20394866,0.303795923
1654,8193,2486,3640371,20370284,0.303429757
1655,8193,2573,4461689,21083162,0.314048578
1656,8193,2574,4711737,21091356,0.314170633
1657,8191,3229,9480261,26451968,0.394213161
1658,8191,3208,9545359,26279936,0.391649371
1659,8191,3228,9575511,26443776,0.394091076
1660,8191,3249,9689661,26615808,0.396654865
1661,8191,3252,9703731,26640384,0.397021121
1662,8191,3253,9706981,26648576,0.397143206
1663,8191,3243,9799063,26566656,0.395922354
1664,8191,3244,9829603,26574848,0.396044439
1665,8191,3264,9846351,26738688,0.398486143
1666,8191,3262,9863353,26722304,0.398241973
1667,8191,3263,9912105,26730496,0.398364058
1668,8191,3265,9916677,26746880,0.398608229
1669,8191,3266,9999019,26755072,0.398730314
1670,8185,2202,1210791,18025572,0.269028711
1671,8185,2205,1221489,18050130,0.269395235
1672,8185,2203,1253017,18033758,0.269150886
1673,8185,2204,1286129,18041944,0.269273060
1674,8185,2201,1376641,18017386,0.268906536
1675,8169,2609,4443673,21315530,0.319378137
1676,8169,2612,4455163,21340040,0.319745379
1677,8169,2608,4459557,21307360,0.319255723
1678,8169,2594,4473821,21192980,0.317541927
1679,8169,2593,4488901,21184810,0.317419513
1680,8169,2613,4491465,21348210,0.319867793
1681,8169,2595,4494989,21201150,0.317664341
1682,8169,2610,4495753,21323700,0.319500551
1683,8169,2597,4509217,21217490,0.317909169
1684,8169,2604,4512223,21274680,0.318766067
1685,8169,2611,4525557,21331870,0.319622965
1686,8169,2606,4552601,21291020,0.319010895
1687,8169,2596,4554825,21209320,0.317786755
1688,8169,2617,4750243,21380890,0.320357449
1689,8169,2732,5498151,22320440,0.334435059
1690,8169,2742,5646237,22402140,0.335659199
1691,8169,2728,5666323,22287760,0.333945403
1692,8169,2727,5683851,22279590,0.333822989
1693,8169,2743,5760509,22410310,0.335781613
1694,8169,2729,5767829,22295930,0.334067817
1695,8169,2726,6026729,22271420,0.333700575
1696,8127,2673,5250651,21726144,0.328903654
1697,8127,2672,5290063,21718016,0.328780608
1698,8127,2674,5312405,21734272,0.329026701
1699,8127,2696,5488213,21913088,0.331733727
1700,8127,2697,5520831,21921216,0.331856774
1701,8127,2741,5695857,22278848,0.337270826
1702,8095,2562,4281241,20741952,0.316491662
1703,8095,2559,4331539,20717664,0.316121062
1704,8095,2558,4388625,20709568,0.315997529
1705,8033,2657,5083553,21346338,0.330760612
1706,8033,2656,5096751,21338304,0.330636126
1707,8033,2651,5259817,21298134,0.330013694
1708,8033,2652,5264743,21306168,0.330138180
1709,8033,2650,5283873,21290100,0.329889207
1710,8033,2666,5347385,21418644,0.331880991
1711,8033,2665,5514471,21410610,0.331756504
1712,7993,2002,15081,16003988,0.250469161
1713,7993,2003,85333,16011982,0.250594270
1714,7993,2004,178353,16019976,0.250719379
1715,7993,2011,201249,16075934,0.251595146
1716,7993,2005,215529,16027970,0.250844489
1717,7993,2012,315651,16083928,0.251720255
1718,7993,2013,318795,16091922,0.251845365
1719,7929,3038,8327443,24091340,0.383150460
1720,7929,3069,9160209,24337170,0.387060159
1721,7929,3070,9167659,24345100,0.387186278
1722,7897,3153,9334869,24902394,0.399265544
1723,7897,3192,9583421,25210416,0.404204128
1724,7897,3194,9588859,25226212,0.404457389
1725,7897,3193,9591849,25218314,0.404330759
1726,7897,3195,9604889,25234110,0.404584019
1727,7897,3196,9615997,25242008,0.404710650
1728,7839,2279,2519059,17867360,0.290725858
1729,7839,2278,2519271,17859520,0.290598291
1730,7839,2280,2519345,17875200,0.290853425
1731,7839,2277,2537505,17851680,0.290470723
1732,7839,2755,6344913,21599200,0.351447889
1733,7831,2969,7856563,23253208,0.379134210
1734,7831,2968,7966317,23245376,0.379006513
1735,7785,2984,8138793,23233424,0.383301220
1736,7785,2986,8163101,23248996,0.383558125
1737,7785,3192,9572457,24852912,0.410019268
1738,7785,3193,9696401,24860698,0.410147720
1739,7785,3195,9739633,24876270,0.410404624
1740,7785,3196,9741241,24884056,0.410533076
1741,7785,3194,9778999,24868484,0.410276172
1742,7785,3222,9942619,25086492,0.413872832
1743,7785,3223,9967273,25094278,0.414001285
1744,7777,2050,723181,15944900,0.263597788
1745,7777,2049,813425,15937122,0.263469204
1746,7777,2055,838921,15983790,0.264240710
1747,7777,2054,839189,15976012,0.264112125
1748,7759,2939,7687289,22806640,0.378785926
1749,7759,2934,7741601,22767840,0.378141513
1750,7759,2940,7775697,22814400,0.378914809
1751,7759,2954,7898925,22923040,0.380719165
1752,7759,2958,8071297,22954080,0.381234695
1753,7753,2695,5854201,20897030,0.347607378
1754,7753,2694,5879141,20889276,0.347478395
1755,7743,2846,6931933,22039424,0.367557794
1756,7743,2845,6937999,22031680,0.367428645
1757,7743,2850,7047329,22070400,0.368074390
1758,7743,2853,7051737,22093632,0.368461836
1759,7695,3212,9982173,24719552,0.417413905
1760,7695,3211,9986119,24711856,0.417283951
1761,7695,3213,9988579,24727248,0.417543860
1762,7673,2319,3090853,17796006,0.302228594
1763,7673,2321,3104921,17811354,0.302489248
1764,7673,2322,3126465,17819028,0.302619575
1765,7673,2323,3131521,17826702,0.302749902
1766,7673,2320,3131893,17803680,0.302358921
1767,7673,2325,3132037,17842050,0.303010556
1768,7673,2326,3145413,17849724,0.303140884
1769,7673,2324,3146083,17834376,0.302880229
1770,7673,2327,3147929,17857398,0.303271211
1771,7673,2329,3148381,17872746,0.303531865
1772,7673,2331,3158751,17888094,0.303792519
1773,7673,2356,3285711,18079944,0.307050697
1774,7673,2357,3291097,18087618,0.307181024
1775,7673,2346,3310903,18003204,0.305747426
1776,7673,2373,3368833,18210402,0.309266258
1777,7671,3042,8562697,23338224,0.396558467
1778,7671,3041,8571749,23330552,0.396428106
1779,7671,3040,8590731,23322880,0.396297745
1780,7671,3058,8594757,23460976,0.398644245
1781,7671,3045,8608281,23361240,0.396949550
1782,7671,3057,8609757,23453304,0.398513883
1783,7671,3044,8613237,23353568,0.396819189
1784,7671,3056,8620911,23445632,0.398383522
1785,7671,3055,8666781,23437960,0.398253161
1786,7671,3043,8721957,23345896,0.396688828
1787,7671,3081,8747719,23637432,0.401642550
1788,7671,3080,8752279,23629760,0.401512189
1789,7671,3052,8768129,23414944,0.397862078
1790,7671,3053,8774623,23422616,0.397992439
1791,7671,3054,8830053,23430288,0.398122800
1792,7671,3114,9213433,23890608,0.405944466
1793,7671,3115,9242239,23898280,0.406074827
1794,7671,3082,9497765,23645104,0.401772911
1795,7671,3088,9507841,23691136,0.402555078
1796,7649,2681,5716851,20509650,0.350503334
1797,7649,3102,9761761,23730300,0.405543208
1798,7553,1902,134369,14367708,0.251820469
1799,7553,1901,154681,14360154,0.251688071
1800,7553,1938,357411,14639652,0.256586787
1801,7553,1939,363845,14647206,0.256719184
1802,7553,1940,408799,14654760,0.256851582
1803,7553,1936,443165,14624544,0.256321991
1804,7553,1960,544603,14805840,0.259499537
1805,7553,1958,544985,14790732,0.259234741
1806,7553,1961,546319,14813394,0.259631934
1807,7553,1959,560729,14798286,0.259367139
1808,7553,1962,570457,14820948,0.259764332
1809,7535,2945,7849385,22193520,0.390842734
1810,7535,2946,7853549,22201056,0.390975448
1811,7535,2944,7871865,22185984,0.390710020
1812,7535,2949,7974375,22223664,0.391373590
1813,7535,2947,7983373,22208592,0.391108162
1814,7535,2948,8025433,22216128,0.391240876
1815,7535,3001,8207863,22615536,0.398274718
1816,7535,3002,8210069,22623072,0.398407432
1817,7535,2998,8317589,22592928,0.397876576
1818,7535,2999,8420249,22600464,0.398009290
1819,7535,3007,8426385,22660752,0.399071002
1820,7535,3008,8437551,22668288,0.399203716
1821,7535,2997,8453549,22585392,0.397743862
1822,7535,3000,8467731,22608000,0.398142004
1823,7535,3038,8610201,22894368,0.403185136
1824,7535,3035,8612653,22871760,0.402786994
1825,7535,3041,8648865,22916976,0.403583278
1826,7535,3005,8855265,22645680,0.398805574
1827,7535,3036,9132489,22879296,0.402919708
1828,7535,3052,9314465,22999872,0.405043132
1829,7535,3055,9343813,23022480,0.405441274
1830,7503,2393,4060219,17957072,0.318939091
1831,7455,3091,9057057,23046496,0.414621060
1832,7455,3090,9061977,23039040,0.414486922
1833,7455,3082,9155623,22979392,0.413413816
1834,7455,3083,9155645,22986848,0.413547954
1835,7455,3105,9565579,23150880,0.416498994
1836,7455,3089,9759845,23031584,0.414352783
1837,7449,2043,1348663,15220350,0.274265002
1838,7383,2736,6561777,20202624,0.370581065
1839,7361,2217,2538739,16321554,0.301181905
1840,7361,2242,2884311,16505604,0.304578182
1841,7361,2239,2885289,16483518,0.304170629
1842,7361,2238,2885433,16476156,0.304034778
1843,7361,2241,2921189,16498242,0.304442331
1844,7361,2247,2930157,16542414,0.305257438
1845,7361,2249,2958897,16557138,0.305529140
1846,7361,2240,2970217,16490880,0.304306480
1847,7361,2270,3069525,16711740,0.308382013
1848,7361,2273,3102771,16733826,0.308789567
1849,7361,2272,3227049,16726464,0.308653716
1850,7361,2311,3320179,17013582,0.313951909
1851,7361,2314,3361557,17035668,0.314359462
1852,7361,2317,3433141,17057754,0.314767015
1853,7361,2316,3436265,17050392,0.314631164
1854,7361,2335,3558817,17190270,0.317212335
1855,7361,2318,3564297,17065116,0.314902866
1856,7361,2326,3581931,17124012,0.315989675
1857,7361,2339,3676893,17219718,0.317755740
1858,7361,2359,3697185,17366958,0.320472762
1859,7351,1999,936545,14696648,0.271935791
1860,7351,1998,945711,14689296,0.271799755
1861,7351,2002,991131,14718704,0.272343899
1862,7351,2001,991483,14711352,0.272207863
1863,7351,2000,1007829,14704000,0.272071827
1864,7351,1997,1010885,14681944,0.271663719
1865,7351,1991,1027233,14637832,0.270847504
1866,7351,1992,1050849,14645184,0.270983540
1867,7351,2006,1142571,14748112,0.272888042
1868,7351,1994,1155471,14659888,0.271255611
1869,7351,2029,1293541,14917208,0.276016868
1870,7351,2030,1298991,14924560,0.276152904
1871,7351,2033,1324949,14946616,0.276561012
1872,7337,2871,7532451,21067398,0.391304348
1873,7337,2870,7542665,21060060,0.391168052
1874,7337,2888,7839471,21192144,0.393621371
1875,7337,2893,7863139,21228834,0.394302849
1876,7337,2890,7863613,21206820,0.393893962
1877,7337,2894,7870377,21236172,0.394439144
1878,7337,2904,7880457,21309552,0.395802099
1879,7337,2892,7883211,21221496,0.394166553
1880,7337,2895,7886977,21243510,0.394575440
1881,7337,2891,7897939,21214158,0.394030258
1882,7337,2889,7900745,21199482,0.393757667
1883,7337,2897,7905353,21258186,0.394848031
1884,7337,2903,7971873,21302214,0.395665803
1885,7337,2908,8042049,21338904,0.396347281
1886,7337,2905,8064397,21316890,0.395938394
1887,7337,2906,8064405,21324228,0.396074690
1888,7337,2909,8073001,21346242,0.396483576
1889,7337,2907,8179245,21331566,0.396210985
1890,7337,2898,8317529,21265524,0.394984326
1891,7337,2896,8386005,21250848,0.394711735
1892,7337,2976,8435765,21837888,0.405615374
1893,7337,2975,8488063,21830550,0.405479079
1894,7337,2977,8498661,21845226,0.405751670
1895,7337,2960,8831977,21720480,0.403434646
1896,7329,2876,7640991,21081080,0.392413699
1897,7329,2925,8093889,21440250,0.399099468
1898,7329,2933,8106471,21498890,0.400191022
1899,7329,2932,8111179,21491560,0.400054578
1900,7329,2930,8113389,21476900,0.399781689
1901,7329,2937,8113689,21528210,0.400736799
1902,7329,2931,8114991,21484230,0.399918133
1903,7329,2928,8126433,21462240,0.399508801
1904,7329,2929,8139993,21469570,0.399645245
1905,7329,2927,8151735,21454910,0.399372356
1906,7329,2889,8191431,21176370,0.394187474
1907,7329,2958,8306179,21682140,0.403602129
1908,7329,2957,8395453,21674810,0.403465684
1909,7329,2923,8524421,21425590,0.398826579
1910,7289,2464,4400577,17962560,0.338043627
1911,7289,2463,4401341,17955270,0.337906434
1912,7289,2465,4406151,17969850,0.338180820
1913,7289,2460,4427673,17933400,0.337494855
1914,7289,2458,4448617,17918820,0.337220469
1915,7289,2459,4490885,17926110,0.337357662
1916,7289,2462,4491553,17947980,0.337769241
1917,7289,2467,4492485,17984430,0.338455206
1918,7289,2468,4492689,17991720,0.338592400
1919,7289,2461,4492723,17940690,0.337632048
1920,7289,2466,4513213,17977140,0.338318013
1921,7289,2477,4714131,18057330,0.339827137
1922,7289,2486,4893277,18122940,0.341061874
1923,7289,2485,4922091,18115650,0.340924681
1924,7289,2492,4969251,18166680,0.341885032
1925,7289,2493,4970239,18173970,0.342022225
1926,7289,2494,4972221,18181260,0.342159418
1927,7289,2519,5011917,18363510,0.345589244
1928,7289,2518,5032857,18356220,0.345452051
1929,7289,2523,5120281,18392670,0.346138016
1930,7289,2522,5129141,18385380,0.346000823
1931,7289,2473,5129489,18028170,0.339278365
1932,7289,2491,5189625,18159390,0.341747839
1933,7289,2487,5196001,18130230,0.341199067
1934,7289,2488,5254281,18137520,0.341336260
1935,7289,2516,5271905,18341640,0.345177665
1936,7289,2517,5285333,18348930,0.345314858
1937,7287,2544,5122073,18540672,0.349114862
1938,7287,2545,5122121,18547960,0.349252093
1939,7287,2543,5173077,18533384,0.348977631
1940,7241,2858,7547217,20697636,0.394696865
1941,7241,2884,7788255,20885928,0.398287529
1942,7241,2880,7797629,20856960,0.397735119
1943,7233,2746,6688483,19864564,0.379648832
1944,7233,2753,6805553,19915202,0.380616618
1945,7233,2750,6876643,19893500,0.380201853
1946,7233,2749,6887233,19886266,0.380063597
1947,7233,2752,6887321,19907968,0.380478363
1948,7233,2748,7194111,19879032,0.379925342
1949,7233,2919,8052693,21116046,0.403566985
1950,7233,2933,8103673,21217322,0.405502558
1951,7233,2934,8126141,21224556,0.405640813
1952,7233,2931,8148193,21202854,0.405226047
1953,7233,2932,8150865,21210088,0.405364303
1954,7233,2935,8164349,21231790,0.405779068
1955,7233,2918,8506845,21108812,0.403428729
1956,7193,1887,674983,13575078,0.262338385
1957,7193,1900,688221,13668600,0.264145697
1958,7183,1987,1258639,14274608,0.276625365
1959,7183,1967,1295637,14130928,0.273841014
1960,7183,1966,1330459,14123744,0.273701796
1961,7183,1991,1335549,14303344,0.277182236
1962,7183,1990,1346549,14296160,0.277043018
1963,7183,1989,1372851,14288976,0.276903801
1964,7183,1968,1380033,14138112,0.273980231
1965,7161,1957,1145997,14016034,0.273285854
1966,7111,3145,9737091,22367240,0.442272536
1967,7103,2093,2094717,14868672,0.294664226
1968,7103,2165,2648577,15380160,0.304800788
1969,7103,2167,2660081,15394368,0.305082360
1970,7103,2166,2661161,15387264,0.304941574
1971,7103,2168,2706171,15401472,0.305223145
1972,7103,2160,2730305,15344640,0.304096860
1973,7103,2174,2732359,15444096,0.306067859
1974,7103,2172,2772439,15429888,0.305786287
1975,7103,2173,2796341,15436992,0.305927073
1976,7073,2929,8240009,20719746,0.414109996
1977,7047,2389,4447973,16837672,0.339009508
1978,7041,1884,928869,13267128,0.267575628
1979,7041,1887,1017241,13288254,0.268001704
1980,7041,1888,1022129,13295296,0.268143730
1981,7041,1889,1038001,13302338,0.268285755
1982,7041,1914,1044173,13478388,0.271836387
1983,7041,1890,1057723,13309380,0.268427780
1984,7041,1894,1066897,13337548,0.268995881
1985,7041,1915,1074171,13485430,0.271978412
1986,7041,1916,1112203,13492472,0.272120437
1987,7041,1895,1149771,13344590,0.269137907
1988,7041,1985,1480857,13978370,0.281920182
1989,7041,1983,1485281,13964286,0.281636131
1990,7041,1984,1486437,13971328,0.281778157
1991,7041,1982,1497379,13957244,0.281494106
1992,7041,1986,1499645,13985412,0.282062207
1993,7041,2022,1808193,14238924,0.287175117
1994,7041,2025,1864753,14260050,0.287601193
1995,7041,2024,1943899,14253008,0.287459168
1996,7041,2033,1946397,14316386,0.288737395
1997,7041,2017,1955737,14203714,0.286464991
1998,7041,2034,1971739,14323428,0.288879421
1999,7041,2032,1971943,14309344,0.288595370
2000,7041,2018,2012661,14210756,0.286607016
